ranking,club name
65,1. FC Köln
34,1. FC Union Berlin
967,12 de Octubre de Itaugua
265,1º de Agosto
2530,1º de Maio
1189,2 de Mayo
1213,3 de Febrero
727,AaB
2141,Aalesund
1873,Aarau
888,Aberdeen
1638,Aberystwyth
1323,Abha Club
945,Abia Warriors
2020,ABM Galaxy FC
1538,Aboomoslem
2014,AC Horsens
2139,AC Kuya Sport
2712,AC LALA FC
2267,AC Mamahira
6,AC Milan
1521,AC Oulu
2299,AC Rangers
2259,Academia Cantolao
1128,Academia F. Amadou Diallo
1811,Academia Puerto Cabello
2639,Academia Quintana
1237,Académica
1774,Académica do Soyo
1963,Académica Lobito
1591,Accra Great Olympics
2070,Accra Lions FC
2641,ACS FC Academica Clinceni
1779,ACS Poli Timişoara
1139,AD Grecia FC
1643,AD Guanacasteca
2541,AD Municipal Liberia
1738,AD Unión Magdalena
2538,Adamawa United
582,Adana Demirspor
1581,Adanaspor
955,Adelaide United
2004,Admira Wacker Mödling
1613,ADO Den Haag
929,Aduana Stars
2215,Adzopé
2497,AE Kouklion
225,AEK
243,AEK Larnaca
1931,AEL Kalloni FC
361,AEL Limassol
2377,AEZ Zakakiou
2703,Afan Lido
267,AFC Bournemouth
2304,AFC Eskilstuna
1380,AFC Herrmannstadt Sibiu
1100,AFC UTA Arad
1234,Africa Sports National
851,AGF
732,Águila
1440,Águilas
770,Águilas Doradas
2115,Ahal FK
1450,Aigle Royal
209,AIK
2117,Aïn Fakroun
2694,Air Force Central FC
2466,Air India
1461,Airbus UK Broughton FC
1714,Aizawl
832,Ajaccio
961,Ajax
7,Ajax Amsterdam
1117,Ajax Cape Town
2730,Ajax Lasnamäe
2360,Ajman Club
1375,Akademija Pandev
2185,Akademik Sofia
1008,Akhisar Belediye
1843,Akokana
883,Aktobe
1394,Akwa Starlets
530,Akwa United
1914,Akzhaiyk Uralsk
2140,AL Adalh FC
483,AL Ahed
345,Al Ahli
1634,Al Ahli
2015,Al Ahli Khartoum
2672,Al Ahli SC Amman
1509,Al Ahli Tripoli
2361,Al Ahli Wad Medani
61,Al Ahly
1878,Al Ahly Benghazi
2083,Al Ahly Merowe
791,Al Ahly Shendi
2144,Al Akhaa Al Ahli
2400,Al Amir
2434,Al Ansar FC (Medina)
855,AL Ansar SC
2492,Al Asalah
1537,Al Batin
2717,Al Egtmaaey Tripoli
892,AL Ettifaq FC
2112,Al Fallah Atbara FC
780,Al Fateh FC
1309,Al Feiha
2688,Al Fujairah
948,AL Gharafa
2622,AL Hazem FC
67,Al Hilal
1920,Al Hilal Kadougli
272,Al Hilal Omdurman
2344,Al Hilal Port Sudan
2592,Al Islah Bourg Shamaly
289,Al Ittihad
2555,Al Ittihad
2614,Al Ittihad Kalba
835,Al Khartoum SC
762,Al Masry
2647,Al Mesaimeer
1033,Al Mokawloon Al Arab
2472,Al Mourada
1898,Al Nahdha Dammam
793,Al Nasr
2419,Al Nasr FC
195,Al Nassr
1407,AL Qadisiyah FC
2188,Al Qadsia
2146,Al Quwa Al Jawiya
2579,Al Rabta Kosti
1341,Al Raed
1857,AL Safa
261,Al Shabab
944,Al Shabab
2465,Al Shabab Al Arabi Beirut
1991,Al Sharkeyah
2611,Al Shimali
1637,Al Shoalah
2449,Al Shorta Al Qadarif
2055,AL Shorta SC
635,Al Taawon
2461,AL Tadamon Sour
2414,Al Urooba Club
433,Al Wahda
1423,Al Wahda
1337,Al Wasl
638,Al-Ahli
2206,Al-Ahli Atbara
249,Al-Ain FC
2037,Al-Ain FC
1129,Al-Arabi Doha
2754,Al-Baqa'a SC
1751,Al-Bourj FC
2310,Al-Dhafra
101,Al-Duhail SC
822,Al-Faisaly FC Harmah
1018,Al-Faisaly SC Amman
2660,Al-Hikma
2159,Al-Hussein SC Irbid
848,Al-Ittihad
1058,Al-Ittihad Al-Sakandary
2396,Al-Jalil
1135,Al-Jazeera Amman
706,Al-Jazira
1398,Al-Khaleej Club
2561,Al-Kharitiyat
2253,Al-Khor
2212,Al-Markhiya Sports Club
2598,Al-Mergheni
329,Al-Merreikh
2616,Al-Nil
1771,Al-Orobah FC
1276,Al-Ramtha SC
601,Al-Rayyan
149,Al-Sadd
1652,Al-Sailiya
1580,Al-Salt
2674,Al-Sareeh SC
2738,Al-Shaab
2330,Al-Shahania S.C.
2665,Al-Shamal SC
1344,Al-Tai FC
1595,Al-Wakra
545,Al-Wehdat SC
2562,Al-Yarmouk FC
1619,Al-Zawraa SC
2681,Ala'ab Damanhour
2585,Alacranes del Norte
2002,Alamal Atbara
1460,Alaniya
336,Alanyaspor
1295,Albion F.C.
1481,Albirex Niigata
466,Aldosivi
1501,Alianza
1313,Alianza Atlético
328,Alianza FC
495,Alianza Lima
691,Alianza Petrolera
1658,Alianza Universidad Huanuco
2240,Alkali Nassara
2664,Alki
1503,Alki Oroklinis
555,All Boys
411,Almería
2518,Alpha United
1277,Altay S.K.
1488,Aluminij
1118,Aluminium Arak
1462,Aluminium Hormozgan
457,Always Ready
839,AmaZulu FC
132,América
573,América de Cali
212,América Mineiro
1356,Amicale FC
2012,Amidaus Professionals FC
541,Amiens SC
599,Amkar Perm'
2543,Anagennisi Deryneia
2747,Andijon
393,Angers
1355,Ankaragücü
2039,Ankaran Hrvatini
1149,Annaba
279,Anorthosis
570,Antigua Guatemala
1636,AOK Kerkyra
895,Apejes de Mfou
2179,APEP
227,APOEL Nicosia
134,Apollon Limassol
2444,Apollon Smyrnis
2064,APOP / Kinyras
1164,Árabe Unido
1482,Aragua FC
2130,Ararat-Armenia FC
2224,Araz PFK
2031,Arcahaie FC
2728,Ards
821,Arema
226,Argentinos Juniors
1120,Argeș Pitești
881,Aris Limassol
236,Aris Thessaloniki FC
1014,Arles
2277,Armed Forces
1828,Army United
1353,Arnett Gardens
908,Arouca
2734,Arrows
22,Arsenal
577,Arsenal de Sarandí
804,Arsenal Tula
2602,Art Municipal Jalapa
1346,AS Aïn M'lila
2336,AS Avenir de Tombouctou
1992,AS Bamako
2491,AS Eliwidj FC
872,AS Fortuna
2135,AS Kasserine
1729,AS Korofina
2525,AS Lossi
1119,AS Magenta
1775,AS Matelots
2184,AS Nianan
740,AS Nika
2108,AS Nyuki de Butembo
2087,AS Police
2042,AS Puma Generaleňa
591,AS Réal Bamako
1109,AS Rejiche
1870,AS Salé
1145,AS Slimane
1252,AS Tanda
1975,AS-FAN
493,Asante Kotoko
287,ASD Spezia Calcio 2008
368,ASEC Mimosas
1290,ASGNN
856,Ashanti Gold FC
1561,ASI D'Abengourou
2290,ASM Oran
860,ASO Chlef
1378,Asoc. Dep. y Rec. Jicaral Sercoba
1066,Asociación Deportiva Tarma (ADT)
1469,Assyriska
639,Asteras Tripolis
77,Aston Villa
679,Astra Ploieşti
649,Astres FC de Douala
2355,Aswan FC
2186,Asyut Petrol
36,Atalanta
2608,Atar Club
1822,Atenas
1809,Atheltic Club Port of Spain
52,Athletic Bilbao
1871,Athlone Town
715,Atlanta United FC
1198,Atlante
240,Atlas
1911,Atlético Balboa
2278,Atlético Chiriquí
1430,Atlético Choloma
1808,Atlético de Kolkata
2201,Atlético do Namibe
2484,Atlético El Vigía
103,Atlético Goianiense
1668,Atlético Huila
10,Atlético Madrid
2581,Atlético Marte
33,Atlético Mineiro
181,Atlético Nacional
309,Atletico Petro Luanda
97,Atlético PR
561,Atlético Rafaela
634,Atlético San Luis
2452,Atletico Socopo
1868,Atlético Sport Aviação
571,Atlético Tucumán
1874,Atlético Venezuela
2559,Atlético Veragüense
884,Atromitos
1665,Åtvidaberg
1518,Atyrau
383,Aucas
141,Auckland City
603,Audax Italiano La Florida
161,Augsburg
1756,Aurora
1210,Austin FC
2583,Austria Kärnten
550,Austria Wien
406,Auxerre
749,Avaí FC
1316,Avenir de La Marsa
1402,Avion Fc Du Nkam
1202,Avispa Fukuoka
1023,Ayacucho FC
2724,Ayia Napa
91,AZ Alkmaar
1458,AZAL PFC Baku
2137,Azam
1787,Ba
2343,Babeti ya Sika
192,Bahia
1373,Bakaridjan de Barouéli
1153,Bakı
442,Bala Town FC
806,Bali United
1205,Balıkesirspor
2696,Ballinamallard United
1909,Ballymena United
1282,Balmazújváros
765,Bamboutos
455,Banfield
2710,Banga Gargzdai
502,Bangkok United
510,Bangor City
319,Baník Ostrava
1093,Baniyas
2431,Bantous
2393,Bantu Rovers
2633,Barbican FC
11,Barcelona
170,Barcelona SC
667,Bari
1872,Barito Putera
1861,Barnechea
1884,Baroka FC
435,Barracas Central
1533,Barrio México
1546,Barry Town United FC
92,BATE Borisov
1279,Bayamón FC
1497,Bayelsa United
18,Bayer Leverkusen
4,Bayern München
2683,BBCU FC
1396,Bechem United
480,Beijing Guoan
2316,Beijing Renhe
1021,Beira-Mar
845,Beitar Jerusalem FC
2626,Bekaa SC
1733,Bekescsaba
1762,Bełchatów
1611,Belén Siglo XXI
932,Belenenses
359,Belgrano
1136,Bella Vista
2312,Bellinzona
1742,Belshina Bobruisk
949,Ben Guerdane
1288,Bendel Insurance
607,Benevento
17,Benfica
987,Benfica Luanda
959,Bengaluru FC
1894,Béni-Khalled
2726,Berane
1952,Berekum Arsenal
1082,Berekum Chelsea FC
474,Beroe
253,Beşiktaş
2762,BFC Daugavpils
350,BG Pathum United
927,Bhayangkara FC
2027,Bibiani Gold Stars F.C.
443,Bidvest Wits
2210,Binh Duong
294,Birmingham City
404,BK Häcken
2587,Black Leopards
1806,Black Mambas
1840,Black Rhinos
413,Blackburn Rovers F.C.
378,Blackpool
1939,Blessing FC
1101,Bloemfontein Celtic
1187,Blooming
1208,Bnei Sakhnin
1012,Bnei Yehuda Tel Aviv FC
485,Boavista
83,Boca Juniors
165,Bochum
151,Bodø / Glimt
553,Bohemian FC
728,Bohemians 1905
182,Bolívar
160,Bologna
1486,Bolognesi
356,Bolton Wanderers
2526,Bontang PKT
726,Borac Banja Luka
2521,Borac Čačak
562,Bordeaux
23,Borussia Dortmund
71,Borussia Mönchengladbach
572,Boston River
1181,Botafogo FC
513,Botafogo FR
499,Botev Plovdiv
1507,Botev Vratsa
618,Botoşani
1926,Bouaké FC
683,Boulogne
1411,Boyacá Chicó FC
2732,Boys' Town
68,Braga
410,Brasilia
1158,Braşov
2313,Bray Wanderers
99,Brentford FC
795,Brescia
322,Brest
58,Brighton & Hove Albion
1480,Brisbane Roar FC
2654,Brommapojkarna
430,Brøndby
2638,Brong Ahafo Stars
1343,Brujas
1949,BSK Borča
1534,Bucaspor
2097,Budafoki MTE
374,Budućnost
1900,Buffaloes FC
1993,Buildcon
2306,Bukavu Dawa
1206,Bukola Babes
1969,Bulawayo Chiefs
2309,Bulawayo City FC
681,Bunyodkor Tashkent
232,Buriram United
164,Burnley
787,Bursaspor
1350,Busan I'Park
2490,Buxoro
1333,C.A. Cerro
1703,C.D. Hermanos Colmenarez
2152,C.D. Honduras Progreso
2051,C.D. Lunda Sul
2025,CA Batna
921,CA Bizertin
2493,CA Bordj Bou Arreridj
354,CA Central Cordoba
1086,CA Palmaflor
1943,Cabinda
112,Cádiz CF
687,Caen
1499,Caernarfon
2663,Caersws
327,Cagliari
2745,Caguas Huracán
1523,Caïman Douala
2505,Caledonia AIA
982,Cambuur
2054,Canon Buromeca
942,Canon Sportif
1103,Canterbury United
1545,Capaco
671,Cape Town City FC
840,CAPS United
1108,Carabobo FC
492,Caracas
364,Cardiff City
1177,Cardiff Met University
743,Carlos A. Mannucci
1731,Carmarthen
2640,Carolina Gigantes
2601,Caroní
231,Carpi
2760,Carrick Rangers
648,Cartaginés
2487,CAS de Sévaré
307,Catania
1393,Cavaliers FC
2370,Cavaly
1311,CD America de Quito
663,CD Antofagasta
2244,CD Audaz
1839,CD Chalatenango
1866,CD das Aves
1735,CD EL Vencedor
1087,CD FAS
773,CD Jaguares
2560,CD Junior Managua
2621,CD Ocotal
2438,CD Olmedo
2590,CD Petapa
1719,CD Platense Municipal
863,CD Plaza Amador
2318,CD Real de Minas
362,CD Santa Clara
2565,CD Sonsonate
913,CD UT Cajamarca
834,CD Vida
2040,Ceahlăul Piatra
79,Ceará SC
2735,Cefn Druids AFC
1715,Čelik Nikšić
1990,Čelik Zenica
66,Celta Vigo
47,Celtic
1367,Central
2075,Central Coast Mariners FC
977,Central Español
1989,Central Sport
1477,Centre Salif Kéita
2411,Centro Ítalo
1222,Ceramica Cleopatra
708,Cercle Brugge
397,Cerezo Osaka
1494,Cerrito
733,Cerro Largo
133,Cerro Porteño
1447,Cerro Porteño PF
907,Cesena
956,České Budějovice
874,CF Montreal
140,CF Pachuca
2568,CF Ungheni
102,CFR Cluj
1489,Chabab Atlas Khénifra
1754,Chabab Rif Al Hoceima
1074,Chacarita Juniors
1910,Chainat FC
2311,Chambishi FC
801,Changchun Yatai
1084,Chapecoense AF
1763,Chapungu United
1015,Charlotte FC
718,Chaves
8,Chelsea FC
1773,Chengdu Blades
1544,Chengdu Rongcheng F.C.
1936,Chennai City FC
1972,Chennaiyin FC
1555,Chepo FC
355,Cherno More Varna
739,Chernomorets Burgas
2321,Chiangmai FC
875,Chiangrai United
1659,Chicago Fire
617,Chicken Inn FC
783,Chievo Verona
1642,Chikhura
2644,Chinandega FC
1667,Chippa United
2391,Chirag Kerala
2436,Chiredzi FC
2617,Chivas USA
889,Chonburi FC
1527,Chongqing Liangjiang Athletic F.C.
1548,Chornomorets Odesa
980,Chorrillo
904,Churchill Brothers SC
2301,Cibalia
2322,Cibao
1529,Ciclon
451,Cienciano
1724,Clan Juvenil
533,Clermont Foot
886,Cliftonville
521,Club Africain
576,Club Atlético Bucaramanga
1110,Club Atlético Grau
2416,Club Atletico Pantoja
208,Club Atlético Platense
800,Club Atletico Progreso
525,Club Atletico Torque
74,Club Brugge
785,Club Deportivo Maldonado
2190,Club Olympique de Médenine
2440,Club Omnisports de Korhogo (CIV)
1176,Club Petrolero
270,Club Puebla
1165,Club River Plate
2367,Club Sando
300,Club Sport Herediano
737,Club Tijuana
1363,CNI
2337,CO Bouafle
2282,Coatepeque
865,Coban Imperial
890,Cobreloa
586,Cobresal
2048,Cobresol
1705,CODM Meknès
986,Coleraine
260,Colo Colo
798,Colombe du Dja et Lobo
2409,Colón C-3
305,Colón Santa Fe
736,Colorado Rapids
725,Columbus Crew
1492,Comerciantes Unidos
2243,Concordia Chiajna
333,Connah's Quay
779,Consadole Sapporo
1069,Coquimbo Unido
880,Córdoba CF
80,Corinthians
349,Coritiba
707,Cork City
2542,Corona Braşov
1142,Cortuluá
2082,Cosmos de Bafia
1726,Costuleni
367,Coton Sport
217,CR Belouizdad
813,Cracovia Kraków
2315,Cranborne Bullets FC
626,Criciúma
2593,Croatia Sesvete
585,Crotone
2034,Crown FC
1645,Crucero del Norte
906,Crusaders
237,Cruz Azul
304,Cruzeiro
56,Crystal Palace
684,CS Alagoano AL
520,CS Constantine
782,CS Deportivo Pereira
2162,CS Fola Esch
2013,CS Hammam-Lif
2379,CS Makiso
590,CS Marítimo Madeira
2218,CS Mioveni
465,CS Petrocub
346,CS Sfaxien
239,CS Universitatea Craiova
1682,CS Uruguay
302,CSD Comunicaciones
358,CSD Municipal
157,CSKA Moskva
2124,CSMS Iaşi
2180,CSyD Carchá
2580,CSyD Nueva Concepción
1272,Cúcuta Deportivo
263,Cuiaba
331,Čukarički
1106,Cumbayá FC
2172,Cunupia FC
547,Curicó Unido
996,Cusco FC
1804,Dacia Buiucani
167,Dacia Chisinau
407,Daegu FC
2437,Daejeon Citizen
2766,Dainava Alytus
1674,Dalian Professional FC
1609,Dalian Shide
1805,Dalkurd FF
950,Damac FC
1271,Damash
1765,Dan Kassawa
633,Danubio
386,Darmstadt
2388,Dauphins Noirs
1297,DC United
1073,De Graafschap
2482,Debo Club
968,Debrecen
1766,Dečić
799,Defence Force FC
73,Defensa y Justicia
1232,Defensor La Bocana
719,Defensor Sporting
1663,Degerfors IF
440,Delfin SC
1916,Delhi Dynamos FC
1399,Delta Force FC
2283,Deltras Sidoarjo
523,Dempo SC
1563,Denguélé Sport
2010,Denizlispor
1011,Deportes Iquique
1092,Deportes La Serena
1562,Deportes Quindío
836,Deportes Temuco
2408,Deportiva Carmelita
901,Deportiva San Carlos
1608,Deportivo Achuapa
299,Deportivo Alaves
1530,Deportivo Anzoátegui
988,Deportivo Binacional
324,Deportivo Cali
1125,Deportivo Capiatá
1255,Deportivo Carapeguá
1814,Deportivo Chiantla
673,Deportivo Cuenca
1607,Deportivo del Este
559,Deportivo Heredia
330,Deportivo La Coruña
1248,Deportivo La Guaira FC
981,Deportivo Lara
2331,Deportivo Las Sabanas
1620,Deportivo Llacuabamba
1220,Deportivo Los Caimanes
647,Deportivo Malacateco
1958,Deportivo Marquense
1942,Deportivo Mixco
1050,Deportivo Municipal
823,Deportivo Pasto
2421,Deportivo Petare
1051,Deportivo Quevedo
1305,Deportivo Quito
1269,Deportivo Sanarate
1493,Deportivo Santaní
476,Deportivo Saprissa
2134,Deportivo Savio
517,Deportivo Táchira
1197,Deportivo Walter Ferretti
311,Deportivo Xerez
2175,Deportivo Zulia
519,Derry City
1351,Desportivo Da Huíla
2567,Destroyers
2123,Diables Noirs
2204,Diaraf
2550,Dibba Al-Fujairah Club
928,Difaâ El Jadida
2197,Differdange 03
1081,Dijon
1046,Dila Gori
2657,Dinamo Bender
1583,Dinamo Bucureşti
215,Dinamo Minsk
163,Dinamo Moskva
2635,Dinamo Samarkand
452,Dinamo Tbilisi
2050,Dinamo Vranje
54,Dinamo Zagreb
1699,Dinamo-Auto
1464,Diósgyör
923,Diriangén FC
1734,Diyarbakirspor
396,Djoliba AC
268,Djurgården
2709,Dnepr Mogilev
214,Dnipro Dnipropetrovsk
376,Dolphins FC
2473,Domant FC
508,Domžale
1247,Don Bosco SC
2333,Dongo
1042,Dorados Sinaloa
1744,Douanes Niamey
2459,Douglas Warriors
2046,Doxa Dramas
1257,Doxa Katokopia
1717,Dragon
2420,Dragón
1815,Dragon de Yaoundé
1629,Dragons
1790,Drava
1283,DRB Tadjenanet
1701,Dreams FC
1780,Drogheda United
275,DSC Arminia Bielefeld
2195,DSK Shivajians
2656,Dubai Club
1865,Dubnica
1483,Duguwolofila
1946,Dukla Banska Bystrica
1625,Dukla Praha
415,Dunajska Streda
1882,Dunaújváros Pálhalma SE
1824,Dunav Ruse
1748,Dunbeholden FC
317,Dundalk FC
2615,Dundee FC
1045,Dundee United
2274,Dunfermline Athletic
2767,Dungannon Swifts
63,Dynamo Kyiv
278,Dynamos
2467,Džiugas Telšiai
1830,Eagles
552,East Bengal Club
2338,Eastern Sports Club
931,Eastern Stars
910,Eastern Suburbs
1436,Ebusua Dwarfs
283,EC Juventude
738,Eding Sport FC
2445,EFYM
2516,Eger
1669,EGS Gafsa
254,Eibar
426,Eintracht Braunschweig
50,Eintracht Frankfurt
1532,Ekranas
1858,El Dakhleya
2145,El Dorado
1628,El Entag El Harby
829,El Geish
1508,El Gounah
537,El Jaish (Doha)
1240,El Kanemi Warriors
2032,El Mansura
2060,El Minya
1111,El Nacional
2227,El Nasr Tadeen
2558,El Nsoor
1967,El Raja
974,El Tanque Sisley
178,El Zamalek
1982,El-Sharkia Lel Dokhan (Eastern Company SC)
934,Elazığspor
155,Elche
2194,Eleven Wise
2026,Eleven Wonders FC
384,Elfsborg
1672,Elima
2455,Elmina Sharks
186,Emelec
2742,Emirates Club
297,Empoli FC
1575,Enosis Paralimni
610,ENPPI
1852,Entente Sportive du Bafing
565,Enugu Rangers
769,Envigado
505,Enyimba
1727,EO Sidi Bouzid
2231,Erakor Golden Star
1404,Ergotelis
1951,Ermis Aradippou
1038,Erzurum BB
2469,ES Bingerville
418,ES Sétif
1757,Esan United
1823,Esbjerg fB
1004,Eskişehirspor
146,Esperance de Tunis
2268,Espoir
1817,ESPOLI
168,Esteghlal
2606,Esteghlal Ahvaz
1564,Esteghlal Khuzestan FC
685,Estoril
2619,Estudiantes de Caracas
87,Estudiantes de la Plata
1541,Estudiantes de Mérida
1324,Estudiantes Tecos
1320,Etar
1573,Ethnikos Achnas
2171,Etoile du Kivu
285,Etoile du Sahel
1238,Etoile Metlaoui
1406,Eupen
578,Everton CD
135,Everton FC
481,Evian TG
853,Excelsior
1838,F91 Dudelange
2047,FA Šiauliai
2697,Fajardo
1758,Fajr Sepasi
2609,Falkenbergs FF
1695,Falkirk
546,FAR Rabat
936,Farul Constanța
486,Fatih Karagümrük
1370,Fauve Azur Elite FC
2483,FB Gulbene
245,FBC Melgar
2443,FC Academia Chisinau
2138,FC Alashkert
1514,FC Anzhi Makhachkala
858,FC Arda Kardzhali
1795,FC Arsenal Dzerzhinsk
1162,FC Arsenal Kiev
1124,FC Ashdod
172,FC Basel
1079,FC Bravos DO Maquis
632,FC Brest
1627,FC Carlos Stein
1227,FC Chindia Târgovişte
2624,FC Cincinnati
2763,FC Codru Lozova
812,FC CSKA 1948 Sofia
759,FC Dallas
1421,FC Daugava
652,FC Dinamo Batumi
1685,FC Dnyapro Mogilev
1517,FC Dordrecht
1706,FC Dunărea Călăraşi
2354,FC Edmonton
674,FC Emmen
962,FC Energetik-BGU Minsk
379,FC Famalicão
1278,FC Fastav Zlin
2739,FC Floreşti
2232,FC Gagra
2090,FC Goa
587,FC Groningen
2677,FC Guria Lanchkhuti
2350,FC Helsingør
351,FC Infonet Tallinn
507,FC Inter Turku (FIN)
1134,FC Juárez
2758,FC Jurmala
1889,FC Kapaz
2757,FC Kolkheti-1913 Poti
606,FC Kolos Kovalivka
201,FC Krasnodar
2540,FC KTP
2652,FC Kuressaare
885,FC Lahti
2149,FC Lubumbashi sport
1802,FC Luch Minsk
1441,FC Lviv
2381,FC Ma'an
2199,FC Maktaaral
2348,FC Masr
2512,FC Merani Tbilisi
148,FC Midtjylland
388,FC Milsami Orhei
1896,FC Minaj
1190,FC Minsk
2205,FC MK
920,FC Nizhny Novgorod
709,FC Orenburg
2187,FC Pasching
695,FC Platinum
13,FC Porto
2376,FC Pune City
1794,FC Rapid Ghidighici
2247,FC Renaissance du Congo
584,FC Ruh Brest
2628,FC Rustavi
1755,FC Samgurali Tskhaltubo
2544,FC Samtredia
2589,FC Saxan
664,FC Seoul
60,FC Sheriff
2708,FC Shukura Kobuleti
2235,FC Simba
2591,FC Sioni Bolnisi
925,FC Skonto Riga
2576,FC Smorgon
2270,FC Spicul Chișcăreni
489,FC St. Gallen 1879
1362,FC Struga Trim-Lum
2572,FC Stumbras
1957,FC Telavi
491,FC Tokyo
2753,FC Torpedo Minsk
825,FC Torpedo Moscow
1359,FC Tsarsko Selo Sofia 2015
1954,FC Tskhinvali
150,FC Twente
1180,FC U Craiova 1948
721,FC Ufa
543,FC Ural
282,FC Utrecht
1567,FC Vaduz
423,FC Vaslui
857,FC Veris
756,FC Vizela
973,FC Voluntari
1932,FC Wacker Innsbruck
1365,FC Zbrojovka Brno
2746,FC Zugdidi
64,FCI Levadia Tallinn
1515,Feirense
113,Fenerbahçe
628,Fénix
174,Ferencváros
1778,Ferroviário da Beira
2339,Ferroviário Do Huambo
947,Feutcheu FC
49,Feyenoord
1655,FF Jaro
2257,FH Hafnarfjordur
503,Figueirense
1917,Finn Harps
94,Fiorentina
1115,FK AGMK
400,FK Akhmat Grozny
2044,FK Aksu
2058,FK Arys
2281,FK Atlantas
2100,FK Auda
2752,FK Bačka Palanka
2673,FK Belasica Strumica
2021,FK Bokelj
2401,FK Borec Veles
2332,FK Bregalnica Stip
446,FK Desna Chernihiv
1904,FK Donji Srem
2643,FK Drina Zvornik
2242,FK Gorno Lisice
1214,FK Gorodeya
2702,FK Gostivar
2549,FK Guliston
1077,FK Haugesund
1994,FK Horizont Turnovo
2494,FK Inđija
1170,FK Inhulets' Petrove
1289,FK Iskra
1728,FK Istiqlol Dushanbe
2620,FK Jelgava
1739,FK Jerv
1881,FK Jezero Plav
1777,FK Kaspiy Aktau
1424,FK Kauno Zalgiris
1435,FK Kolubara
2147,FK Kom Podgorica
1944,FK Krupa
2699,FK Leotar
989,FK Liepājas Metalurgs
1364,FK Mariupol Illichivets'
1977,FK Metalac
2627,Fk Metalurg Skopje
2769,FK Metta
2238,FK Mladost Doboj Kakanj
1003,FK Mladost Lučani
2113,FK Olympic Tashkent
2653,FK Palanga
1473,FK Panevėžys
784,FK Pardubice
2427,FK Podgorica
2435,FK Pohronie
1720,FK Proleter Novi Sad
912,FK Radnik Surdulica
26,FK Red Star Belgrade
924,FK Riteriai
477,FK Rostov
1243,FK Rotor Volgograd
454,FK Sarajevo
2389,FK Senica
1287,FK Septemvri Sofia
2107,FK Šilas
1922,FK Sileks
2423,FK Skopje
1433,FK Slutsk
1228,FK Spartak Subotica
2347,FK Spartaks
2714,FK Sputnik Rechytsa
1713,FK Tambov
2725,FK Tauras Taurage
2692,FK Teteks
1280,FK Tosno
2713,FK Tukums 2000
2405,FK Turan
1078,FK Tuzla City
2570,FK Utenis Utena
1268,FK Vitebsk
1846,FK Zemun
869,FK Zirka Kirovohrad
2292,FK Zlatibor Čajetina
2000,FK Zvijezda 09
1621,FKS Stal Mielec
2191,Flame Lilly
40,Flamengo
1959,Flint Town United
38,Flora Tallinn
106,Fluminense FC
437,Foolad Khuzestan
2302,Forest Rangers
2225,Forge FC
216,Fortaleza
203,Fortuna Düsseldorf
750,Fortuna Sittard
854,Fovu de Baham
2756,FOX Villa FC
1511,Fredrikstad
1571,Free State Stars
53,Freiburg
631,Frosinone
2634,Fuerza Amarilla SC
416,Fulham
692,FUS Rabat
896,Future FC
1987,Gabès
2019,Gaborone United
2577,Gagauziya
2276,Gahar Zagros
1710,GAIS
2006,Gaitcha FCN
242,Galatasaray
1930,Galway United FC
686,Gamba Osaka
926,Gangwon FC
1675,Gateway FC
2129,Gaz Metan Mediaş
1558,Gaziantepspor
623,Gazişehir Gaziantep FK
2250,GD Baixa de Kassanje
1422,Gefle
1260,Gençlerbirligi
1154,General Caballero
1148,General Caballero JLM
1860,General Díaz
266,Genoa
169,Gent
2314,Germinal Beerschot
109,Getafe
482,GFC Ajaccio
2258,GFK Tikvesh
2008,Ghazl El Mehalla
1725,GIF Sundsvall
2074,Gigira Laitepo
332,Gil Vicente FC
650,Gimcheon Sangmu FC
202,Gimnasia y Esgrima La Plata
807,Giresunspor
200,Girona
1000,Giwa FC
1550,Glenavon
1031,Glentoran
2359,Gloria Bistrita
1218,Go Ahead Eagles
1496,Go Round
308,Godoy Cruz Antonio Tomba
269,Goiás
1369,Gokulam Kerala Fc
522,GOL Gohar Sirjan FC
965,Gold Coast United
1131,Gombe United
751,Gomel
1569,Gorica
2053,Gornik Leczna
877,Gornik Zabrze
2478,GOŠK Gabela
930,Gostaresh Foolad
1704,Göztepe AŞ
2658,Gradina Srebrenik
2178,Gran Valencia FC
189,Granada
1708,Granit
1832,Granit Mikashevichi
1112,Grasshopper Club Zürich
1737,Grbalj Radanovici
1635,Green Buffaloes
1677,Green Eagles
124,Grêmio
696,Grêmio Prudente
662,Grenoble
2751,Gresik United FC
676,Greuther Fürth
1281,Grödig
1893,Grombalia Sports
1254,Guabirá
246,Guadalajara
1347,Guadalupe FC
524,Guaireña FC
915,Gualaceo SC
1471,Guangzhou City F.C.
646,Guangzhou F.C.
210,Guaraní
554,Guarani FC
608,Guastatoya
2646,Guaynabo Fluminense
588,Guingamp
1718,Guizhou Hengfeng
598,Gunners
1188,Gwangju FC
758,Gyeongnam FC
1753,Gyirmót SE
424,Györi ETO
2202,H&H Export Sébaco FC
2177,Ha Noi TT
1221,Hajduk Kula
204,Hajduk Split
2695,Hajer FC Al-Hasa
1445,Haka
1681,Halcones FC
1632,Halmstads BK
1648,Hamam Sousse
1395,Hamarkameratene
207,Hamburger SV
2335,Hamilton Academical
2499,Hamilton Wanderers Afc
293,Hammarby IF
527,Hannover 96
2535,Hapoel Ashkelon
292,Hapoel Be'er Sheva
1080,Hapoel Hadera
1285,Hapoel Haifa
2372,Hapoel Ironi Akko
1468,Hapoel Jerusalem
2081,Hapoel Kfar Saba
1913,Hapoel Nof HaGalil
1821,Hapoel Petah Tikva FC
2369,Hapoel Ra'anana
2357,Hapoel Ramat Gan
1664,Hapoel Rishon LeZion
775,Hapoel Tel Aviv
1397,Harare City
1576,Haras El-Hodood SC
1928,Harbin Yiteng
2164,Harbour View
2305,Hardbody
1981,Hasaacas
2252,Haskovo 2009
831,Hassania Agadir
557,Hatayspor Kulübü
2689,Hatta
1317,Havadar S.C.
2241,Haverfordwest County
1683,Hawke's Bay United
2156,Hay Al Arab
1837,Hay Al Wadi SC
1083,HB Chelghoum Laïd
2687,HB Køge
1192,Heart of Lions
616,Heart of Midlothian
1273,Heartland FC
843,Hearts of Oak
1446,Hebei F.C.
1452,Hegelmann Litauen Kaunas
830,Hekari United
88,Hellas Verona
1676,Helsingborgs IF
1318,Henan Songshan Longmen F.C.
1847,Henderson Eels
712,Heracles
518,Hércules
1950,Herentals FC
1690,Herrera FC
271,Hertha BSC
797,Hibernian
1689,Hienghène Sport
1326,HIFK
564,Highlanders
1174,Highlands Park
2109,Highway
1126,Hilal Al-Obayed
2307,Hilal El-Fasher
2671,Hindustan Aero
2352,Hiré
1566,Hispano
197,HJK Helsinki
670,HNK Gorica
1925,Hoang Anh Gia Lai
1983,Hobro
130,Hoffenheim
1641,Hønefoss
536,Honka
922,Honvéd
1209,Horoya AC
1593,Houston Dynamo
2448,Hoverla Uzhhorod
1835,How Mine
754,Hradec Králové
2417,Hrvatski Dragovoljac
2016,HŠK Posušje
675,Huachipato
916,Huddersfield Town
373,Hull City
1743,Humble Lions
213,Huracán
864,Hwange
2084,Ibanda Sport
1321,Ifeanyi Ubah United
602,IFK Göteborg
1559,IFK Mariehamn
370,IFK Norrköping
1298,IFK Värnamo
1732,Ikorodu United
2705,Ilukstes NSS
641,Ilves
976,Imbabura
760,Incheon United
2679,Indeni FC
111,Independiente
177,Independiente
1163,Independiente de La Chorrera
694,Independiente FBC (Campo Grande)
2121,Independiente FC
326,Independiente Medellín
1182,Independiente Petrolero
1590,Indios
222,Ingolstadt
2727,Institute FC
1997,Inter Allies FC
1479,Inter Miami CF
5,Inter Milan
2251,Interblock
693,Interclube de Angola
76,Internacional
1633,Internaţional Curtea de Argeş
1160,Inverness CT
677,Ionikos
849,Iraklis
768,Ironi Kiryat Schmona
1712,Ironi Ramat HaSharon
850,Irtysh Pavlodar
1490,Isidro Metapán
470,Iskra-Stal
957,Isloch
1044,Ismaily SC
1630,Issia Wazi
218,İstanbul Başakşehir
2604,Ittihad Al-Ramtha
1196,Ittihad El-Shorta
1121,Ittihad Tanger
2023,Ittihad Zemouri de Khemisset
975,Iztapa
1996,J.S. Groupe Bazano
471,Jablonec
964,Jagiellonia Białystok
1587,Jagodina
919,Jaguares Chiapas
1442,Jalapa
2468,Jangorzo
1618,Javor
2539,Jazeerat Al Feel
1764,JC Abidjan
2167,JCT FC
847,Jeanne d'Arc de Bamako
2676,Jedinstvo BP
1978,JEF United
459,Jeju United
126,Jeonbuk FC
1466,Jeonnam Dragons
2399,Jeunesse Sportive de Kinshasa
1236,Jeunesse Sportive Soualem
339,Jiangsu Suning FC
1535,Jigawa Golden Stars
2430,JL Chiangmai United FC
2155,Jocoro FC
1528,Joe Public
1448,Joenkoepings Soedra
1293,Johor Darul Ta'zim FC
2474,Johvi FC Lokomotiv
630,Joinville EC
2450,Jomo Cosmos
774,Jorge Wilstermann
1516,José Gálvez
448,JS Kabylie
2693,JS Kairouanaise
403,JS Saoura
2263,JSK Chabab Kasba Tadla
1075,JSM Béjaïa
1879,JSM Laâyoune
2686,JSM Skikda
1231,Juan Aurich
1061,Júbilo Iwata
255,Junior FC
1820,JUTH FC
1921,Juticalpa
1475,Juventud de Las Piedras
2158,Juventud Escuintleca
1432,Juventud Independiente
1767,Juventud Retalteca
19,Juventus
2594,Juventus Bucureşti
2632,Juventus Managua
2298,Jwaneng Galaxy FC
2345,Jyvaskyla JK
2094,Kabasha
757,Kabuscorp SCP
1880,Kabwe Warriors
1979,KAC Kénitra
1335,KACM Marrakech
1542,Kaduna United FC
2346,Kafue Celtic
252,Kairat Almaty
1500,Kaisar Kyzylorda
568,Kaiserslautern
580,Kaizer Chiefs
2556,Kaliakra
776,Kalmar FF
2101,Kaloum Star
2392,Kalteng Putra
2422,Kalulushi Modern Stars
2249,Kalyani Bharat FC
703,Kano Pillars
1985,Kansanshi Dynamos
2362,Kapfenberger SV
2675,Kaposvári Rákóczi
2501,Karabükspor
1741,Karela United FC
1622,Karlovac
2649,Karmiotissa Pano Polemidion
1327,Karpaty Lviv
2513,Karvan
219,Kashima Antlers
658,Kashiwa Reysol
412,Kasımpaşa
1068,Katsina United
744,Kavala
69,Kawasaki Frontale
2571,Kaya F.C.-Iloilo
1246,Kayseri Erciyesspor
817,Kayserispor
2256,Kazakhmys
1886,KCCA FC
1127,Kecskeméti TE
2328,Kenkre FC
2246,Kerala Blasters FC
1020,Keşlə Futbol Klubu
427,KF Shkendija
2128,KF Tirana
2334,Kfarsoum
1064,Khazar Lankaran FK
1098,Khimki
1918,Khon Kaen United FC
2404,Khonkaen
2329,Khorfakkan Club
1383,Khroub
1953,Kiglon
1217,Kilmarnock
1960,King Faisal
613,Kisvárda Master Good
1487,Kitchee
2603,Kitwe United
2720,Kiwi
1467,Kladno
2690,Klaipedos Granitas
136,København
1980,Kokand 1912
1589,Koloale
2007,Kongsvinger
2506,Konkola Blades
2489,Konkola Mine Police
320,Konyaspor
544,Koper
1308,Korona Kielce
1049,Kortrijk
1184,Košice
2566,Kozara Gradiška
1797,KPV
256,KRC Genk
1016,Kristiansund BK
2170,Krumkachy Minsk
2454,Kruoja Pakruojis
542,Krylya Sovetov Samara
940,Kryvbas
366,KS Raków Częstochowa
1010,KS Warta Poznań
619,Kuban' Krasnodar
2220,Kukesi
205,KuPS
2153,Kuwait SC
478,KV Mechelen
1019,KV Oostende
827,Kwara United
1772,Kyoto Sanga FC
1798,Kyzylzhar Petropavlovsk
1540,L.A. Firpo
340,La Equidad
984,LA Galaxy
2770,La Horquetta Rangers FC
2719,La Paz
2166,La U Universitarios
2067,Lae City Dwellers
2248,Lajong SC
1455,Lamia
897,Lamontville Golden Arrows
173,Lanús
1413,Larisa Ael
1144,Larne FC
720,Las Palmas
353,LASK Linz
1661,Lausanne
1788,Lausanne Sport
1403,Lautoka
28,Lazio
241,LD Alajuelense
153,LDU de Quito
1352,LDU Portoviejo
621,Le Mans
357,Lecce
286,Lech Poznań
560,Lechia Gdańsk
128,Leeds United
107,Leganes
429,Legia Warszawa
1274,Legon Cities FC
46,Leicester City
1256,Leixões
1935,Lengthens
90,Lens
234,León
958,León de Huánuco
1565,Leones FC
820,Leones Negros U. de G.
1169,Léopards de Dolisié
1818,Levadiakos
108,Levante
264,Levski Sofia
2395,Liaoning Hongyun
114,Libertad
1472,Liberty Professionals
1594,Lierse
2718,Lietava Jonava
938,Liga de Loja
1995,Liga Muçulmana
2045,Likasi
75,Lille
594,Lillestrøm
2477,Lime Hotspurs
2085,Limerick
1656,Limón
2132,Lincoln Red Imps FC
540,Linfield
1691,Lion Blessé
1859,Lion City Sailors FC
156,Litex Lovech
321,Liverpool
1,Liverpool FC
837,Livingston FC
1071,Livorno
1961,Llandudno FC
1013,Llanelli
2599,Llaneros de Guanare
2102,LLB Académic
826,Lobi Stars
767,Lobos B.U.A.P.
1495,Lobos UPNFM
2551,Łódzki KS
1539,Lokeren
190,Lokomotiv Astana
1813,Lokomotiv Gorna Oryahovitsa
1644,Lokomotiv Mezdra
199,Lokomotiv Moskva
441,Lokomotiv Plovdiv
643,Lokomotiv Tashkent
701,Lokomotiva
2295,Lokomotivi Tbilisi
2749,Longford Town
2569,Lootus
456,Lorient
436,Los Angeles FC
2373,Lovćen
1543,LPTA Tozeur
1408,Lučko
556,Lugano
2397,Lumwana Radiants
2669,Lupe ole Soaga
2366,Lusaka Dynamos
656,Luzern
2308,Lyn
2237,Lyngby
45,Lyon
2266,Lys Sassandra
2631,Lyubimets
1114,Ma Pau
2645,Maardu Linnameeskond
625,Macará
1945,Macarthur FC
2382,Maccabi Ahi Nazareth
152,Maccabi Haifa FC
622,Maccabi Netanya
1414,Maccabi Petah Tikva
115,Maccabi Tel Aviv
2515,Machine Sazi FC
2743,Mačva Šabac
2510,Madang
1332,Madura United
748,Maghreb Fès
609,Mahindra United
84,Mainz
1696,Makedonija Gjorče Petrov
458,Málaga
2326,Malampa Revivors FC
1200,Malavan
2340,Malekesa
224,Mallorca
188,Malmö FF
122,Mamelodi Sundowns FC
1588,Managua FC
2,Manchester City
41,Manchester United
1803,Manica Diamonds
1261,Maniema Union
1267,Manisaspor
2293,Mansheyat Bani Hasan
1057,Manta
2413,Manu Ura
867,Marathón
2095,Marek Dupnitsa
206,Maribor
2221,Marist
1434,Maritzburg United
51,Marseille
1459,Marumo Gallants FC
2193,Mash'al Muborak
979,Masvingo United
2378,Matiti Mabe
1698,Matsumoto Yamaga
1348,Mattersburg
2285,Maverly Hughenden FC
2651,Mayagüez
566,Mazatlán FC
2223,Mbabane Swallows
642,MC Alger
983,MC El Eulma
690,MC Oran
1017,MCO Oujda
879,Medeama SC
1888,Medimurje
1451,Meizhou Hakka F.C.
611,Melbourne City FC
1203,Melbourne Victory
937,Melipilla
2731,Merani Martvili
2364,Merikh Kosti
1425,Merreikh El-Fasher
2062,Merreikh Nyala
1796,Mersin İdmanyurdu
992,Mes Kerman
868,Mes Rafsanjan
2300,Meshki Pooshan Football Club
1191,Metalist 1925 Kharkiv
501,Metalist Kharkiv
2143,Metalleghe BSI
1789,Metallurg Bekobod
509,Metalurh Donetsk
2765,Metalurh Zaporizhya
1250,Metropolitanos FC
558,Metz
1024,Mezőkövesd-Zsóry
1776,MFK Karviná
1520,MFK Tatran Liptovský Mikuláš
1306,MFM FC
2110,Mgaear Al Sarhan
1640,Mictlán
468,Middlesbrough
1721,Miedź Legnica
2091,Mighty Jets
158,Millonarios
1229,Mineros de Guayana
842,Minnesota United
1412,Minyor Pernik
2118,Miramar Misiones
1574,Misr El Makasa
2161,Mitra Kukar
729,Mjällby AIF
2216,Mjøndalen IF
475,Mladá Boleslav
2030,Mladi Radnik
2706,Mladost CD
2458,Mladost Velika
1502,MO Béjaia
1102,Moghreb Tétouan
2041,Mogren
1709,Mohammedan SC
579,Mohun Bagan
2575,MOIK
315,MOL Fehérvár FC
142,Molde FK
1711,Molinos El Pirata FC
2157,Molunge
2630,Molynes United FC
35,Monaco
1219,Monagas SC
1296,Monaghan United
318,Monarcas Morelia
952,Monomatapa United
1340,Mons
2245,Mont Bleu
2552,Mont-Dore
2479,Montana
2365,Montedio Yamagata
2509,Montego Bay United
145,Monterrey
514,Montevideo Wanderers
363,Montpellier
2260,Moossou FC
1072,Mordovia Saransk
680,Moreirense
2648,Mornar
2410,Morobe Wawens
1338,Moroka Swallows
583,Moskva
344,Motagua
532,Motema Pembe
1059,Motherwell
682,Motor Action
1319,Mount Pleasant FC
887,Mouscron-Péruwelz
394,MP Antalyaspor
2207,MSP Batna
1242,MTK Budapest
2618,Muaither SC
460,Muangthong United
1897,Mufulira Wanderers
1791,Muğan
2230,Mumbai City FC
2028,Mumbai FC
1905,Municipal Limeño
535,Mura 05
700,Mushuc Runa SC
2239,Muungano
1143,MyPa
1498,MZKS Arka Gdynia
2049,NA Hussein Dey
1470,NAC Breda
171,Nacional
1845,Nacional
636,Nacional Asunción
2402,Nacional de Benguela
792,Nacional Potosí
2600,Nadi
1784,Naft Masjed Soleyman FC
941,Naft Tehran
2018,Nafta
2545,Naftan Novopolotsk
417,Nagoya Grampus Eight
1964,Najran SC
2496,Nakambala Leopards
2289,Nakhon Pathom
1549,Nakhon Ratchasima FC
1864,Nalkutan FC
479,Nancy
138,Nantes
1262,Napredak
2684,Napredok
2368,NAPSA Stars FC
1137,Narva Trans
377,Nasaf Qarshi
815,Nasarawa United
549,Nashville SC
1052,Nassaji Mazandaran
2698,National Assembly
994,National Bank
1301,Náutico
1096,Naval 1º de Maio
1485,Navbahor Namangan
1138,NC Magra
1877,Nchanga Rangers
2351,ND Triglav
2375,Ndjadi
2271,Ndoki ya Ndombe
1070,Nea Salamis
290,Neath Athletic
761,NEC Nijmegen
438,Necaxa
1522,Necaxa
2384,Neftchi
360,Neftçi
1998,Neftochimic Burgas 1962
819,Nejmeh SC
811,Neman Grodno
2119,Nembe City FC
1377,Neuchâtel Xamax
2733,Nevėžis Kėdainiai
1409,New Edubiase FC
467,New England Revolution
1043,New Soger
1606,New Star de Douala
381,New York City FC
624,New York Red Bulls
43,Newcastle United
1853,Newcastle United Jets
323,Newell's Old Boys
2691,Newry City AFC
899,Newtown
1895,Ngezi Platinum FC
100,Nice
1938,NIGELEC
1155,Niger Tornadoes
2741,Niki Volou
450,Nîmes Olympique
2711,Nistru
2426,Nitra
1782,Njala Quan
1966,Njube Sundowns
724,NK Bravo
688,NK Celje
2196,NK Istra 1961
1603,NK Krka
2280,NK Krsko
2447,NK Rudeš
1235,NK Tabor Sežana
2327,NK Varaždin
1883,NK Zadar
2254,NK Zagreb
2533,NK Zvijezda Gradacac
1586,Nkana FC
2380,Nkoy
2035,Nkoyi Bilombe
2077,Nkwazi
2682,Noah Jūrmala
1851,Nogoom FC
143,Nomme JK Kalju
1692,Nong Bua Pitchaya FC
2111,Nord Sport
870,Nordsjælland
2358,North Eastern Re Organising Cultural Association
2531,North Queensland Fury
2264,Northeast United FC
755,Norwich City
422,Novara
1410,Novi Pazar
629,NŠ Mura
409,Ñublense
453,Nueva Chicago
777,Nueve de Octubre
704,Nürnberg
1885,Nyíregyháza Spartacus
689,O'Higgins
2744,Obod
1598,Obolon'
1700,Ocean Boys FC
2009,Ocean Pacifique
1157,OCK Khouribga
1056,Odds Ballklubb
969,Odense Boldklub
1829,Odra Wodzisław
1816,Oestersunds FK
2471,Office Niger Sports
999,OFI Crete
1761,OFK Beograd
1438,OFK Titograd
1750,OFTA FC
2456,Ohod Saudi FC
1372,Oita Trinita
2033,Okzhetpes Kokshetau
494,Oleksandriya
1159,Olhanense
248,Olimpia
262,Olimpia
316,Olimpija Ljubljana
1386,Olimpik Donetsk
2356,Olimpik Sarajevo
998,Olimpo
44,Olympiakos
873,Olympiakos Nicosia
420,Olympiakos Volos
2103,Olympic Club
1161,Olympic Club de Safi
1512,Olympic El Qanah FC
1924,Olympic Niamey
1329,Olympique Béja
574,Olympique de Bamako
1547,Olympique de Medea
2198,Olympique de Missira
1929,Olympique du Kef
1116,Omiya Ardija
247,Omonia Nicosia
654,Once Caldas
1716,Once Municipal
2089,ONGC FC
1599,Onze Créateurs
2507,Opava
600,Ordabasy Shymkent
1201,Orduspor
1631,Örebro
746,Orense SC
1694,Örgryte
946,Oriente Petrolero
2520,Orión
993,Orlando City
463,Orlando Pirates
131,Osasuna
191,Osijek
810,Osmanlıspor FK
1597,Öster
1130,Oţelul Galaţi
1702,Othellos Athienou FC
933,Oud-Heverlee Leuven
2275,Ouragahio
2105,PA Sambizanga
1449,Pacífico
528,Paços de Ferreira
1315,Padideh F.C.
2273,PAEEK
2721,Paernu Linnameeskond
445,Pafos FC
372,Paide Linnameeskond
276,Pakhtakor Tashkent
710,Paksi SE
672,Palermo
620,Palestino
15,Palmeiras
187,Panathinaikos
828,Pandurii Târgu Jiu
1376,Panetolikos
1195,Panionios
1688,Panserraikos
1525,Panthère
2057,Panthrakikos Komotini
127,PAOK FC
2637,Pápa
2181,Papua New Guinea U20
766,Paradou AC
790,Paraná Clube
12,Paris Saint-Germain
742,Parma Calcio 1913
2759,Pärnu JK Vaprus
1927,Parrillas One
1211,Pars Jonoubi Jam
1749,Partick Thistle
59,Partizan Beograd
2269,Partizan Minsk
2073,Partizani Tirana
803,PAS Giannina
1596,Pas Hamedan
2415,Pasaquina F.C.
935,Patriotas Boyacá
504,Patronato de Parana
1478,Pattaya United
1002,Paykan F.C.
841,PEC Zwolle
1224,Pécsi MFC
2668,Pelister
2160,Pelita Bandung Raya
1476,Penafiel
196,Peñarol
1810,Penybont FC
1265,Pérez Zeledón
1150,Persebaya Surabaya
2480,Persela Lamongan
2061,Persema Malang
121,Persepolis
2317,Perseru Badak Lampung
753,Persib Bandung
1890,Persiba Balikpapan
1405,Persidafon
894,Persija Jakarta
2208,Persijap Jepara
2200,Persik Kediri
2093,Persikabo 1973 (INA)
788,Persipura Jayapura
2661,Persiraja Aceh
2116,Persiram Raja Ampat
2183,Persita Tangerang
2433,Persitara Jakarta
1799,Persiwa Wamena
1578,Perth Glory
1454,Pescara
2189,Petro Souths
1291,Petrojet
1167,Petrolul Ploieşti
1999,Petrovac
1974,Petržalka
184,PFC CSKA Sofia
678,PFC Lokomotiv Sofia 1929
85,PFC Ludogorets 1945 Razgrad
229,PFC Sochi
1185,Pharco FC
431,Philadelphia Union
484,Piast Gliwice
1976,Pirae
1427,Pirin Blagoevgrad
2424,Pirin Gotse Delchev
2387,PK-35 Vantaa
2168,Platanias
506,Plateau United
2120,Platense
1253,Platinum Stars
575,Plaza Colonia
2707,Pobeda
1876,Podbeskidzie Bielsko-Biala
1854,Podbrezová
391,Pogoń Szczecin
352,Pohang Steelers
2222,Point Fortin FC
2722,Police
2488,Police FC
1531,Police Tero FC
1988,Police United FC
1759,Politehnica Iaşi
1506,Polokwane City
1666,Polonia Bytom
716,Polonia Warszawa
439,Ponte Preta
2481,Porcelana FC
723,Port F.C.
953,Port Talbot
2723,Portadown FC
2446,Porthmadog
645,Portimonense
644,Portland Timbers
1431,Portmore United FC
531,Portsmouth
183,Portuguesa
1892,Portuguesa FC
1089,Power Dynamos
1785,Prachuap FC
2325,Prestatyn Town FC
1602,Pretoria University
1973,Příbram
1862,Primorje
1781,Prison Leopards
2133,Progresso Associação do Sambizanga
1736,Progresso da Lunda Sul
2462,PS Kemi
1783,PSIS
1418,PSM Makassar
2294,PSMS
1912,PSPS Pekanbaru
1940,PSS Sleman
31,PSV Eindhoven
2534,PTT Rayong FC
2374,Puaikura
1415,Puerto Rico Islanders
2678,Puerto Rico United
335,Pumas UNAM
699,Pune FC
1855,Punjab Football Club
1863,Puntarenas FC
1186,Pusamania Borneo FC
526,Puskás FC
1026,Pwd Bamenda
325,Pyramids FC
781,Qäbälä
159,Qarabağ
1354,Qatar SC
2547,Qingdao FC
1568,Qingdao Jonoon
2192,Qizilqum Zarafshon
449,Queens Park Rangers
2523,Quelaton
593,Querétaro
917,Quilmes
1723,R.F.C. Seraing
1617,Rabotnički
2553,Racing Beirut
137,Racing Club
1140,Racing Club
1428,Racing Club d'Abidjan
2287,Racing de Casablanca
741,Racing Santander
2069,Rad Beograd
2131,Radnički 1923 Kragujevac
567,Radnički Niš
1869,Radnik Bijeljina
1094,Radomiak Radom
1903,Radomlje
1510,Rah Ahan
2588,Raja Beni Mellal
2088,Rajasthan United
2685,Rakvere JK Tarvas
1484,Ramonense PO
1443,Rampla Juniors
2176,Ranchers Bees
808,Randers FC
2080,Rangdajied United
32,Rangers
1036,Rangers
1646,Ranheim
731,Rapid Bucureşti
301,Rapid Wien
1649,Rapide Club Oued Zem
1361,Ratchaburi FC
235,Rayo Vallecano
21,RB Leipzig
1336,RC Arbaâ
1947,RC Bafoussam
2519,RC Kinshasa
2036,RC Relizane
86,RC Strasbourg
193,RCA Raja Casablanca Athletic
179,RCD Espanyol
516,Reading
29,Real Betis
1519,Real Cartagena
487,Real España
786,Real Estelí
1697,Real Juventud
1933,Real Kashmir FC
3,Real Madrid
2736,Real Madriz
2629,Real Mamoré
2612,Real Potosí
824,Real Salt Lake
1579,Real Santa Cruz
37,Real Sociedad
2500,Real Sociedad
2578,Real Tamale
1612,Real Tomayapo
274,Real Valladolid
371,Real Zaragoza
1025,Recreativo da Caála
752,Recreativo do Libolo
1035,Red Arrows
144,Red Bull Bragantino SP
30,Red Bull Salzburg
211,Reims
1303,Remo Stars
1360,Renaissance Club Zemamra
1584,Renaissance de Ngoumou
48,Rennes
2700,Reno FC
1740,Renova
1039,Rentistas
661,Resistencia Sport Club
2463,Revan Baku
2228,Rewa
1171,Rhyl
714,Riga FC
637,Rigas Futbola skola
251,Rijeka
1707,Río Abajo
464,Rio Ave
1553,Rising Stars
25,River Plate
539,River Plate
816,River Plate Ecuador
627,River Plate PR
2460,Rivoli United
1034,Rizespor
669,RKC Waalwijk
1722,RNK Split
2261,Roan United
995,Roda JC Kerkrade
1199,Roeselare
2425,Rojolu
27,Roma
1812,RoPS Rovaniemi
273,Rosario Central
342,Rosenborg BK
1322,Ross County
2323,Roumde Adjia
951,Royal AM
284,Royal Antwerp FC
1175,Royal Excel Mouscron Péruwelz
778,Royal Pari
1867,Royal Wahingdoh
604,RSB Berkane
176,RSC Anderlecht
369,Rubin Kazan
909,Rubio Ñú
1536,Ruch Chorzów
1770,Rudar Pljevlja
2573,Rudar Prijedor
2098,Rudar Velenje
838,Rukh Vynnyky
398,Ružomberok
1006,Saba Qom
1526,Sabah FK
2265,Sabana de Mopti
2122,Sabé
1504,Sable Batié
972,Saburtalo
1792,Sacachispas Chiquimula
597,Sagan Tosu
1505,Săgeata Năvodari
891,Sagrada Esperança
2582,Sahab SC
2038,Sahel
1426,Saïda
1956,Saint George
2217,Saint-Clément
500,Saint-Eloi Lupopo
498,Saint-Étienne
2342,Saint-Luc
1249,Saipa FC
2701,Salam Zgharta
814,Salgaocar
180,Sampdoria
844,Samsunspor
1962,Samut Prakan City
2610,Samut Songkram
1284,San Francisco FC
2557,San José
1334,San Jose Earthquakes
1901,San Juan FC
2502,San Juan Jabloteh
343,San Lorenzo de Almagro
1390,San Luis
1030,San Luis FC
1104,San Marcos
473,San Martín de Tucumán
387,San Martín San Juan
970,San Pedro
1670,San Simon
985,Sanat Naft Abadan
2596,Sandals South Coast
1745,Sandecja Nowy Sącz
1560,Sandefjord Football
2024,Sandnes
428,Sanfrecce Hiroshima
943,Sanga Balende
595,Santa Cruz
382,Santa Fe
2043,Santa Gema FC
918,Santa Lucia Cotzumalguapa
2451,Santa Rita de Cássia FC
1474,Santa Tecla FC
1062,Santiago Morning
1614,Santiago Wanderers
488,Santo André
1357,Santos
2236,Santos de Angola
960,Santos de Guápiles
117,Santos FC
250,Santos Laguna
70,São Paulo
2623,Sapovnela
2068,Saraburi FC
764,Sarmiento
882,Sarpsborg 08
72,Sassuolo
659,Saturn
2320,Saurimo FC
392,SC Bastia
1063,SC Chabab Mohammédia
334,SC Dnipro-1
730,SC Farense
538,SC Heerenveen
444,SC Paderborn 07
655,Schalke 04
2056,Scorpion FC de Bé
1679,SCR Altach
2464,SD Atletico Nacional
185,SD Huesca
244,Seattle Sounders FC
805,Seinaejoen JK
1456,sekhukhune united fc
1825,Sektzia Ness Ziona FC
1314,Semen Padang
1223,Seongnam FC
280,Sepahan
2005,Sepidrood Rasht SC
512,Sepsi OSK
789,Servette
1168,Sevastopol
24,Sevilla
794,Sevilla FC Puerto Rico
763,Séwé
2439,Səbail FK
1179,Sfîntul Gheorghe
2667,Shabab AL Ghazieh SC
1899,Shabab Al Sahel
2104,Shabab Al-Aqaba Club
1793,Shabab Al-Ordon Club
2234,Shabab El Bourj SC
1385,Shabanie Mine
1826,Shahin Bushehr FC
1381,Shahrdari Tabriz
42,Shakhtar Donetsk
1076,Shakhter Karagandy
125,Shakhtyor Soligorsk
129,Shamrock Rovers
462,Shandong Taishan F.C.
233,Shanghai Port F.C.
722,Shanghai Shenhua
2522,Shanghai Shenxin
668,Sharjah Cultural Club
1908,Shark XI
1009,Sharks
380,Sheffield United FC
1827,Shelbourne
1216,Shenzhen FC
1678,Shijiazhuang Ever Bright
1259,Shimizu S-Pulse
966,Shkupi Skopje
1491,Shonan Bellmare
1122,Shooting Stars
1807,Shooting Stars
2508,Shortan Guzor
2441,Siam Navy FC
2750,Siauliai
1752,Šibenik
1331,Sibir Novosibirsk
425,Siena
2432,Sigui
1095,Silkeborg
402,Sillamäe Kalev
971,Simba SC
1230,Simurq
548,Sint-Truiden
1965,Siófok
903,Sion
2001,Siquinalá FC
1048,Sirius
745,Široki Brijeg
2586,Sisaket FC
341,Sivasspor
1212,SK Austria Klagenfurt
2475,SK Babīte
1156,SK Brann
490,SK Sigma Olomouc
2574,SK Super Nova
1842,SKA-Khabarovsk
2213,Skalica
1650,Skenderbeu
1292,ŠKF Sereď
2092,SKN Sankt Pölten
1053,Śląsk Wrocław
1304,Slaven
39,Slavia Prague
702,Slavia Sofia
1151,Slavia-Mozyr
2418,Slavija Sarajevo
698,Sligo Rovers
2142,Sliven
1891,Sloboda Tuzla
1067,Sloboda Užice
162,Slovácko
118,Slovan Bratislava
551,Slovan Liberec
2504,Smederevo
2642,Smolevichy
472,Smouha SC
954,SO Armée
314,Sochaux
2096,Social Sol
2296,Socozaki
1417,Sofapaka
1687,Sogakope WAFA
1673,Sogdiyona Jizzax
1513,Sogndal
614,Sol de América
1984,SOL FC
1848,Sololá FC
2022,Solomon Warriors FC
1786,SønderjyskE
2495,Songkhla United FC
2764,South End
198,Southampton
2650,Southern United
1105,SPAL 2013
93,Sparta Prague
496,Sparta Rotterdam
228,Spartak Moskva
1007,Spartak Myjava
1239,Spartak Nal'chik
2071,Spartak Semey
390,Spartak Trnava
2341,Speranţa Crihana
1027,Sport Áncash
1041,Sport Boys
1557,Sport Boys Warnes
1147,Sport Colombia
569,Sport Huancayo
1225,Sport Loreto
2524,Sport Lubango e Benfica
277,Sport Recife
1624,Sport Rosario (Huaraz)
1400,Sportif de Chebba
20,Sporting
2528,Sporting Beirut
2457,Sporting Central Academy
447,Sporting Charleroi
2662,Sporting Clube de Benguela
1371,Sporting Clube de Goa
291,Sporting Cristal
2584,Sporting de Cabinda
399,Sporting Fingal
1001,Sporting Gagnoa
281,Sporting Gijón
878,Sporting Kansas City
1270,Sporting San José FC
1416,Sporting San Miguelito
2229,Sportist Svoge
2297,Sportive de Djerba
1204,Sportivo Ameliano
939,Sportivo Luqueño
1233,Sportivo San Lorenzo
1325,Sportivo Trinidense
2052,Sportul Studentesc
1801,Sreenidi Deccan
2059,Sriracha
1615,Sriwijaya FC
9,SSC Napoli
581,St Patrick's
1831,St. George
1374,St. Johnstone
1294,St. Mirren
563,St. Pauli
1358,Stabæk
1684,Stade d'Abidjan
1166,Stade Gabésien
312,Stade Malien Bamako
2546,Stade Malien Sikasso
876,Stade Renard de Melong
1172,Stade Tunisien
1132,Stal Kamianske
2272,Standard
833,Standard Liège
2394,Start
154,Steaua Bucureşti
1686,Steel Azin
1307,Stella Club
898,Stellenbosch FC
2174,Stjarnan
238,Stoke City
846,Strømsgodset
338,Sturm Graz
1463,Suchitepéquez
1113,Sud América
2319,Sudeva Delhi FC
375,Suduva Marijampole
1844,Sukhothai FC
1552,Sumqayıt
511,Sunderland
2127,Sunkar
866,Sunshine Stars
717,Supersport United
1662,Suphanburi FC
2486,Surkhon-2011
461,Sutjeska
2126,Suva
612,Suwon Bluewings
990,Suwon FC
1339,SV Ried
1623,SV Roeselare
2605,Svetkavitsa
258,Swansea City
697,Sydney FC
2403,Syrianska
2226,Szolnoki MÁV
1401,Szombathelyi Haladás
2503,T&TEC
1286,Tacuarembó
1085,Tacuary
2291,Tafea FC
2761,Talinna Kalev
104,Talleres de Cordoba
1850,Tallinna JK Legion
2154,Tamme Auto
1955,Tammeka
1328,Tampere United
2554,Tampines Rovers FC
2511,Tanta
1554,Taraba
1444,Taraz
1730,Târgu Mureş
2398,Tasman United
2704,Tatran Prešov
809,Tauro FC
1970,Tavriia
295,Team Wellington
914,Técnico Universitario
1902,Tefana
1342,Telephonaat Beni Suef
1941,Tema Youth
660,Temperley
2219,Tempête
2255,Tenax CS FC
389,Tenerife
1556,Teplice
1875,Termalica Nieciecza
2029,Teungueth FC
2406,Thai Honda
2666,That Ras Club
78,The New Saints
220,The Strongest
862,Thun
2173,Tianjin Jinmen Tiger F.C.
1193,Tianjin Tianhai
2211,Tiare Tahiti
2279,Tiburones Rojos de Veracruz
385,Tigre
1088,Tigres FC
116,Tigres UANL
1005,Tiko United
288,Timişoara
434,Tiraspol
1836,Tivoli Gardens
2755,Tobago United
401,Tobol Kostanay
2182,Togo-Port
2214,Tokushima Vortis
105,Tolima
497,Toluca FC
2065,Tom' Tomsk
1065,Tondela
2412,Tonnerre Kalara Club
711,Topolski Sportski Club
98,Torino
2740,Tornados de Humacao
1379,Toronto FC
1600,Torpedo Kutaisi
735,Torpedo Zhodino
2613,TOT
1366,Total Chalaco
14,Tottenham Hotspur
1389,Toulouse
2125,Township Rollers
139,TP Mazembe
120,Trabzonspor
665,Tractor Sazi
2428,Trat FC
2063,TRAU F.C.
2563,Travnik
2383,Trelleborgs FF
902,Trenčín
1244,Triangle FC
2385,Tripoli AC
2407,Tripple B
1302,Tromsø IL
405,Troyes
2595,Trujillanos FC
1639,TS Galaxy
2517,Tshinkunku
2076,Tsholotsho
1055,TSV Hartberg
2363,TTM Chiangmai
2429,Tucanes FC
963,Tukoko University
2548,Tulevik Viljandi
2680,Tupapa Maraerenga
2597,Turan Tovuz
1671,Turku PS
1429,Turnu Severin
337,U.S. Salernitana 1919
2209,Ubon UMT FC
82,Udinese
2625,UES
796,Újpest
89,Ulsan Hyundai
1610,Umm-Salal
705,UMS de Loum
2303,UNAN Managua
2203,Underhill
978,Uniao da Madeira
1604,União de Leiria
2150,Uniao Sport Clube do Uige
1183,Uniautónoma FC
1054,Unión Comercio
2390,Union Deportivo Universitario
1330,Union Douala
432,Unión Española
589,Unión La Calera
1097,Unión San Felipe
223,Unión Santa Fe
747,Union Sportive de Douala
221,Union St.Gilloise
1971,Unirea Alba Iulia
1299,Unirea Urziceni
852,Unisport FC Du Haut-Nkam
2607,United City F.C.
1582,United Petrotrin
2442,United Sikkim F.C
1384,United Sports Club
194,Universidad Católica
347,Universidad Católica
2106,Universidad Central de Venezuela FC
419,Universidad César Vallejo
771,Universidad Concepción
713,Universidad de Chile
1266,Universidad de San Carlos
1647,Universidad San Martín de Porres
1769,Universitario
2564,Universitario de Cobija
408,Universitario de Deportes
1387,Universitario de Vinto
1275,Universitatea Cluj
1746,Universitatea Craiova
1263,Université Ngaoundéré
2748,University College Dublin
1768,Urana
365,Urawa Red Diamonds
2470,Urena SC
1040,US Biskra
1934,US Bitam
653,US Monastir
2114,US Panda B5
1173,US Tataouine
1551,Usc Bassam
1657,USFAS Bamako
2066,USGN
414,USM Alger
1651,USM Bel Abbès
1841,USM Blida
1215,USM El Harrach
1937,Ústí nad Labem
2086,UWI FC
1605,V-Varen Nagasaki
110,Valencia
2353,Valencia de Leogane
734,Valenciennes
651,Vålerenga
1226,Valmiera FK
1178,Vancouver Whitecaps
1146,Varbergs BoIS
997,Vardar Skopje
1465,Vasas Budapest
310,Vasco da Gama
1601,Vegalta Sendai
1849,Vejle Boldklub
1264,Velež Mostar
123,Vélez Sarsfield
1833,Vendsyssel FF
529,Venezia FC
1391,Ventforet Kofu
1152,Ventspils
1907,Venus
2286,Veraguas FC
2165,Verdes FC
2636,Vere United FC
657,Veres Rivne
2737,Vereya
1653,Veria FC
1626,Vestsjælland
1919,Veti Club
175,VfB Stuttgart
1091,Viborg
1986,Victoria
2453,Victoria
1948,Victoria Branesti
2498,Vidima-Rakovski
2011,Viettel Football Club
596,Viitorul Constanţa
395,Viking FK
62,Viktoria Plzeň
1572,Viktoria Žižkov
2324,Villa Espanola
1345,Villa Teresa
16,Villarreal
1616,Virunga
534,Vissel Kobe
1388,Vista Hermosa
230,Vita Club
296,Vitesse
2670,Vitez
469,Vitória
306,Vitória Guimarães
818,Vitória Setúbal
2716,Vitosha Bistritsa
1760,Voinţa Sibiu
615,Vojvodina
1834,Volga Nyzhnyi
861,Volos New Football Club
1693,Volyn
421,Vorskla Poltava
2233,Vostok
772,Voždovac
1310,VPS
2476,Vutuka
1654,VVV-Venlo
1047,Vysočina Jihlava
1032,W Connection FC
2659,WA Tlemcen
1747,Waasland-Beveren
2151,Wad Hashim SC Sennar
1420,Wadi Degla FC
2371,WaiBOP United
859,Waitakere United
2537,Wanderers SC
2768,Warrenpoint Town
1060,Warri Wolves FC
2163,Warrior
2262,Wassaman United
991,Waterford FC
1457,Waterford United FC
900,Waterhouse FC
592,Watford
1453,Wellington Phoenix
2536,Wellington Phoenix Reserves
2532,Welshpool Town
303,Werder Bremen
348,West Brom
55,West Ham United
1577,Westerlo
1349,Western Sydney
1570,Western United FC
2284,Wexford Youths
2514,WhaWha
1437,Widzew Łódz
1887,Wiener Neustadt
259,Wigan Athletic
1028,Wikki Tourist
1819,Wiliete SC
802,Willem II
1660,Williamsville Athletic Club
1382,Wisła Kraków
1107,Wisła Płock
2715,WIT Georgia Tbilisi
515,Wolfsberger AC
96,Wolfsburg
119,Wolverhampton Wanderers
1090,WSG Tirol
1923,Wuachon United
1194,Wuhan Three Towns F.C.
1368,Wuhan Yangtze River
1300,WWS Rangers
81,Wydad Casablanca
1800,Wydad Fès
905,Xanthi FC
1207,Xelajú
2288,Xinabajul
2485,Xorazm
2169,Yadah FC
2527,Yafoot FC Yaounde 2
2017,Yanbian
2529,Yaracuyanos FC
2099,Yeni Malatyaspor
1251,Yenisey Krasnoyarsk
2003,Yobe Desert Stars
166,Yokohama F. Marinos
1968,Yokohama FC
2349,Yopougon FC
2079,Young Africans
95,Young Boys
2136,Young Green Eagles
2729,Young Heart Manawatu
911,Young Sport Academy Bamenda
1524,Youssoufia Berrechid
1906,Zacapa
1037,Zagłębie Lubin
2072,Zagłębie Sosnowiec
1245,Zalaegerszegi TE
257,Zalgiris Vilnius
1915,Zamfara United FC
893,Zamora FC
871,Zanaco
2655,Zaprešić
1029,Zaria Bălți
1392,Zarzis
1123,Zavrč
1419,Zawisza Bydgoszcz
666,Željezničar
1680,Zemplin Michalovce
57,Zenit St. Petersburg
605,ZESCO United
2148,Zestafoni
1439,Zeta
1592,Zhejiang Professional
1141,Zhetysu Taldykorgan
640,Žilina
2078,Zimbabwe Saints
1258,Zimbru
1099,Zirə
1856,Zlate Moravce
1133,Znojmo
1022,Zob Ahan Isfahan FC
147,Zorya Luhansk
1585,ZPC Kariba
298,Zrinjski Mostar
1312,Zulia
1241,Zulte Waregem
2386,Zumunta
313,Zürich
