player_id,days_missed,games_missed
3333,412.0,64
12282,22.0,3
14086,46.0,8
15956,70.0,12
16136,63.0,12
16306,84.0,17
17259,124.0,21
27807,65.0,8
27992,6.0,2
31653,8.0,1
32113,130.0,16
33571,34.0,6
35047,13.0,2
38253,62.0,15
39728,29.0,7
40433,177.0,32
40633,75.0,10
40680,18.0,5
42205,29.0,7
42412,153.0,31
43530,27.0,4
43824,12.0,1
45146,296.0,28
45672,94.0,17
46413,28.0,4
49723,92.0,16
52570,253.0,22
53418,46.0,9
53622,8.0,1
54906,34.0,8
55089,48.0,7
55508,54.0,7
55735,15.0,3
57071,30.0,5
57500,98.0,24
58358,5.0,1
58995,11.0,2
59016,516.0,94
59323,31.0,5
60543,33.0,5
60561,26.0,3
61812,108.0,15
64793,249.0,23
66100,39.0,7
67063,88.0,17
68390,161.0,25
69633,45.0,11
70411,63.0,5
72047,28.0,5
72441,196.0,35
72476,17.0,3
73517,115.0,24
73564,102.0,15
73794,319.0,34
73926,58.0,9
74230,34.0,6
74294,96.0,16
74810,170.0,21
74842,80.0,9
74857,300.0,70
74869,50.0,7
74960,38.0,8
75489,182.0,31
80293,27.0,7
81512,14.0,3
82009,126.0,12
82048,87.0,15
82350,217.0,28
82873,13.0,2
84435,114.0,12
84938,22.0,4
85288,254.0,34
85370,255.0,35
85393,36.0,5
85791,187.0,27
85906,56.0,7
86202,95.0,16
88103,52.0,12
88680,107.0,15
88682,63.0,12
88755,195.0,48
91059,149.0,27
91970,260.0,45
92571,11.0,2
92572,108.0,18
93604,37.0,6
93707,189.0,31
93720,44.0,6
93763,7.0,2
93827,91.0,11
93844,49.0,5
94030,123.0,22
94192,4.0,1
94529,23.0,4
95424,60.0,11
95810,124.0,21
96341,17.0,5
96718,62.0,6
99331,62.0,9
99343,197.0,32
99353,53.0,9
99922,188.0,35
100131,261.0,52
100986,145.0,27
102017,24.0,5
102423,19.0,2
103565,83.0,10
104124,264.0,43
105470,202.0,50
106405,73.0,4
106872,6.0,1
106987,82.0,17
108390,346.0,70
108725,53.0,11
110864,232.0,32
110923,160.0,13
111038,100.0,16
111051,31.0,5
111195,153.0,27
111196,81.0,16
111266,15.0,3
111426,55.0,10
111819,29.0,4
111873,9.0,2
111961,91.0,15
112515,128.0,25
112822,14.0,3
113707,15.0,4
115979,114.0,12
116088,86.0,16
117478,169.0,11
117674,45.0,7
118284,27.0,2
118689,111.0,20
118847,71.0,3
118850,182.0,18
119037,25.0,2
119211,17.0,3
119234,185.0,17
119277,35.0,3
119296,72.0,13
120205,77.0,15
120629,19.0,5
121477,75.0,12
121985,86.0,16
123275,29.0,0
123551,12.0,2
123682,352.0,57
124028,88.0,18
124172,253.0,24
124410,78.0,10
124502,124.0,12
124555,30.0,6
124715,209.0,24
124884,9.0,2
125020,99.0,18
125103,44.0,6
125714,32.0,4
125781,21.0,4
126414,127.0,34
126557,75.0,8
126664,43.0,7
126719,145.0,30
126729,270.0,43
126751,108.0,14
127048,141.0,14
127076,147.0,9
127142,138.0,22
127156,55.0,0
127181,32.0,3
127187,27.0,5
127189,96.0,14
127202,8.0,2
127573,54.0,9
128223,87.0,19
128969,48.0,6
129444,69.0,11
130365,234.0,44
130394,188.0,21
131075,206.0,31
131225,44.0,9
131758,72.0,12
131978,121.0,27
132098,50.0,8
133179,65.0,5
134270,38.0,10
134425,36.0,9
134883,219.0,13
135343,30.0,7
135492,184.0,39
136111,5.0,1
138055,69.0,8
139208,7.0,2
139304,257.0,24
142310,63.0,12
143812,123.0,27
143891,161.0,20
145988,68.0,13
146227,142.0,15
146310,11.0,3
146509,29.0,4
146752,253.0,35
146795,121.0,17
148153,62.0,10
148252,8.0,2
148367,100.0,16
148455,41.0,12
148928,57.0,7
149829,85.0,18
149928,42.0,4
153084,40.0,9
156990,113.0,16
157635,116.0,17
157672,47.0,6
158863,142.0,24
159088,7.0,2
159471,259.0,41
160241,40.0,5
160963,48.0,6
161056,41.0,7
162029,11.0,2
162434,185.0,25
163744,154.0,24
164771,25.0,3
165007,318.0,53
165513,50.0,11
165793,14.0,2
165895,15.0,2
166237,9.0,3
166601,133.0,25
166683,13.0,2
167329,90.0,12
167491,17.0,4
167727,12.0,3
167741,3.0,1
168678,55.0,7
169880,3.0,1
170472,32.0,4
170527,135.0,22
170911,25.0,3
170929,132.0,25
170934,22.0,6
170961,244.0,30
170986,201.0,24
172857,5.0,1
173491,55.0,7
173504,85.0,5
173859,52.0,12
174094,253.0,40
175449,34.0,5
175639,55.0,9
176139,186.0,25
177476,179.0,41
177779,44.0,5
177847,117.0,13
177907,152.0,28
179184,3.0,1
181136,203.0,31
181375,116.0,22
181378,53.0,8
181382,36.0,5
181687,67.0,9
181768,105.0,12
182875,25.0,1
182893,7.0,1
182904,13.0,4
182906,63.0,12
182913,76.0,8
182916,124.0,15
183288,533.0,110
184528,67.0,13
184573,214.0,43
184892,151.0,19
184894,142.0,20
186186,63.0,7
186368,21.0,3
186590,217.0,42
187097,32.0,4
187492,44.0,8
187587,149.0,15
187718,23.0,4
188077,147.0,11
188888,90.0,16
189441,52.0,7
190289,120.0,14
190338,77.0,9
190393,66.0,11
191056,11.0,1
191217,118.0,23
191422,7.0,2
192080,198.0,40
192169,17.0,4
192279,34.0,8
192557,176.0,12
192565,132.0,12
192616,41.0,6
192635,74.0,13
192638,295.0,33
192735,48.0,8
192765,165.0,23
193004,53.0,11
193033,177.0,12
193098,139.0,13
193116,31.0,7
193859,378.0,40
193900,13.0,3
195246,4.0,1
195633,171.0,28
195736,68.0,16
195778,37.0,5
196231,48.0,4
196357,3.0,1
196792,20.0,1
196948,246.0,46
197122,94.0,12
197471,343.0,31
197473,99.0,13
197642,20.0,3
197751,98.0,14
197838,53.0,11
198008,68.0,14
198116,56.0,12
198709,146.0,20
199248,69.0,13
199258,148.0,20
199369,45.0,8
199527,104.0,21
199733,74.0,14
199953,258.0,35
199976,169.0,27
200056,55.0,12
202591,297.0,34
202886,185.0,41
203123,37.0,6
203460,74.0,17
203496,91.0,15
203746,116.0,16
203853,110.0,21
204069,84.0,17
204103,156.0,26
205562,329.0,65
206040,44.0,6
206050,251.0,32
206717,58.0,4
206746,180.0,29
207014,8.0,1
207877,285.0,35
207917,58.0,8
207929,44.0,7
208172,23.0,5
208379,101.0,17
209212,611.0,75
210178,60.0,10
211474,78.0,10
212723,140.0,23
212847,153.0,27
214532,59.0,7
215099,221.0,18
215599,66.0,11
215649,18.0,2
215876,145.0,22
216179,206.0,32
216872,10.0,2
220878,213.0,28
221025,156.0,22
221316,47.0,9
222859,53.0,3
223967,29.0,5
223974,115.0,19
223979,331.0,54
225043,255.0,33
225122,16.0,4
225657,167.0,26
225873,66.0,5
226524,62.0,10
226973,78.0,12
227081,81.0,16
227084,35.0,0
227085,106.0,18
227511,5.0,1
228444,57.0,9
229006,142.0,17
229604,104.0,22
229804,135.0,20
230784,151.0,35
231572,11.0,2
232320,14.0,1
232418,46.0,6
232454,16.0,2
232895,124.0,15
234029,338.0,46
234523,34.0,5
234781,90.0,12
234803,121.0,27
236490,58.0,10
237164,276.0,44
237499,238.0,29
237658,121.0,23
237662,259.0,39
238223,173.0,18
238407,34.0,10
238537,4.0,0
238639,7.0,2
238752,33.0,4
238868,65.0,8
239962,42.0,5
240414,110.0,15
241229,159.0,24
241307,87.0,6
241641,16.0,3
241923,91.0,3
242086,36.0,19
242273,22.0,3
242631,27.0,5
242661,79.0,6
243028,58.0,11
243188,35.0,6
243714,186.0,29
243760,54.0,9
244192,107.0,18
244940,50.0,9
245056,102.0,12
245537,276.0,44
245744,90.0,12
246291,112.0,19
246968,161.0,21
247377,184.0,26
247555,39.0,7
247915,302.0,46
248732,123.0,22
248999,14.0,1
249089,4.0,1
249157,204.0,24
249565,86.0,14
249636,13.0,2
249730,79.0,10
249994,16.0,3
250478,473.0,51
250779,22.0,2
250845,199.0,29
251075,44.0,10
251106,597.0,75
251299,153.0,17
251302,106.0,16
251303,6.0,2
251309,381.0,43
251845,98.0,8
251876,47.0,10
251878,43.0,5
251896,348.0,46
253677,473.0,77
255488,186.0,26
255501,13.0,2
255508,15.0,2
255731,342.0,44
255838,210.0,20
255901,18.0,4
255906,38.0,8
255942,53.0,14
256178,143.0,29
256267,111.0,19
256448,19.0,5
256977,17.0,3
257455,109.0,18
257462,176.0,36
257474,46.0,2
257732,35.0,8
257814,67.0,14
258004,83.0,19
258039,14.0,2
258878,101.0,12
258889,73.0,14
258919,84.0,16
258923,46.0,7
258987,107.0,13
260827,26.0,4
261905,128.0,18
262226,91.0,7
262300,109.0,21
262396,124.0,23
262523,110.0,19
262749,5.0,1
262939,52.0,5
262980,75.0,11
263236,143.0,21
263727,70.0,11
263918,258.0,22
264116,57.0,8
265078,36.0,6
265088,35.0,6
266359,16.0,2
266807,16.0,2
268429,84.0,14
270171,138.0,10
270393,164.0,16
270541,106.0,14
272261,85.0,8
272278,23.0,5
272622,143.0,21
272812,39.0,6
272855,56.0,9
272999,41.0,8
273132,37.0,6
273669,49.0,6
274461,24.0,4
274839,127.0,33
274862,122.0,13
275249,280.0,29
275303,30.0,5
276896,55.0,10
277033,95.0,5
277137,115.0,18
277384,45.0,6
278332,61.0,7
278359,17.0,4
279455,96.0,17
279570,72.0,11
280387,29.0,5
280730,143.0,30
281769,178.0,21
281963,222.0,26
281989,123.0,10
282169,77.0,11
282388,3.0,0
282411,32.0,6
282660,35.0,2
282672,31.0,4
282700,265.0,29
282810,54.0,9
283227,295.0,30
283497,147.0,23
283735,149.0,26
283994,17.0,1
284010,113.0,3
284595,14.0,3
284730,112.0,23
284732,123.0,21
284854,29.0,3
284857,78.0,17
286047,118.0,22
286297,184.0,20
286384,113.0,18
286415,35.0,6
286949,72.0,13
287579,61.0,12
288225,37.0,4
288230,61.0,11
288255,62.0,3
289257,9.0,2
289432,38.0,6
289446,107.0,19
289592,310.0,36
289835,44.0,7
290017,27.0,4
290249,221.0,32
290537,93.0,11
290587,63.0,11
291417,195.0,29
292139,121.0,19
292534,69.0,8
292808,4.0,1
292818,21.0,2
293194,106.0,18
293200,163.0,20
293281,14.0,2
293385,185.0,45
294057,144.0,24
295060,54.0,7
295183,23.0,3
295313,318.0,37
296397,48.0,6
296422,29.0,2
296622,104.0,17
297070,208.0,40
298575,257.0,26
298635,72.0,13
298975,87.0,12
298976,195.0,15
300168,60.0,8
300532,92.0,12
300716,263.0,45
301238,41.0,8
303116,246.0,44
303254,66.0,13
306024,161.0,21
307058,68.0,14
307183,17.0,4
307924,356.0,37
308279,41.0,7
309110,66.0,9
309400,119.0,23
309944,424.0,62
310458,20.0,4
311044,90.0,10
311333,58.0,7
313094,260.0,37
314288,443.0,47
314353,167.0,28
314678,59.0,15
314875,47.0,8
315145,26.0,2
315332,41.0,5
315762,118.0,22
315779,59.0,14
315853,30.0,7
315858,16.0,1
315862,66.0,9
315867,380.0,59
315969,98.0,16
316125,165.0,35
316264,82.0,20
316575,326.0,28
316884,5.0,0
318204,87.0,19
318528,64.0,13
319745,135.0,18
319859,126.0,20
320271,38.0,6
320411,25.0,5
321528,83.0,22
322655,86.0,12
323167,55.0,5
324223,87.0,17
324278,13.0,2
324358,41.0,7
324377,174.0,17
324804,22.0,4
324811,111.0,9
325993,126.0,18
326029,44.0,8
326031,125.0,30
326330,272.0,49
327126,62.0,8
328609,33.0,5
328658,162.0,33
328784,71.0,14
329145,134.0,27
329373,48.0,7
330208,74.0,10
330472,49.0,7
330659,11.0,2
331362,148.0,18
331505,6.0,2
331560,508.0,70
331726,45.0,6
332179,178.0,25
332560,160.0,21
332697,46.0,10
332705,283.0,47
332798,74.0,17
332889,310.0,39
333014,26.0,5
333241,224.0,37
333647,126.0,19
333903,27.0,6
334207,224.0,27
334221,252.0,26
334526,131.0,20
335147,63.0,5
335225,112.0,15
335631,85.0,7
335721,132.0,28
335993,124.0,7
336077,79.0,14
336125,78.0,14
336869,302.0,45
336960,126.0,18
337036,39.0,6
337333,13.0,3
337715,14.0,2
337725,238.0,26
338424,65.0,14
338425,21.0,3
338629,133.0,20
338668,16.0,2
339314,101.0,18
339340,500.0,70
339556,638.0,81
339816,7.0,1
340205,39.0,6
340260,42.0,6
340322,31.0,6
340324,121.0,23
340325,178.0,28
340328,35.0,4
340329,253.0,43
340353,93.0,14
340376,38.0,7
340456,111.0,21
340700,91.0,10
340853,37.0,5
340918,4.0,1
340950,175.0,43
341092,123.0,25
341110,63.0,11
341227,10.0,2
341317,92.0,12
341713,43.0,5
342039,91.0,15
342046,100.0,17
342226,15.0,2
342229,25.0,5
342385,94.0,17
342405,191.0,15
342877,374.0,43
343052,127.0,21
343475,29.0,5
343537,132.0,9
344009,40.0,6
344069,20.0,4
344072,30.0,4
344381,273.0,54
344598,446.0,60
344605,12.0,3
344695,150.0,26
345458,79.0,10
345590,122.0,11
346289,431.0,64
346314,267.0,45
346483,261.0,50
346551,36.0,6
346567,67.0,12
346707,28.0,5
346853,15.0,3
346890,153.0,27
347253,83.0,12
348026,65.0,8
348791,14.0,1
348795,267.0,34
349066,99.0,21
349503,75.0,13
349599,259.0,43
349701,123.0,5
351478,31.0,7
351749,195.0,14
351809,68.0,17
351816,151.0,27
351843,22.0,3
351955,2.0,0
353032,14.0,2
353366,139.0,27
353399,52.0,11
353826,331.0,34
353892,451.0,71
353948,80.0,9
354362,59.0,10
354726,29.0,2
354909,290.0,28
355627,36.0,6
355628,110.0,12
355816,89.0,15
355861,15.0,3
355915,127.0,30
356141,12.0,2
356197,301.0,41
357047,37.0,6
357117,50.0,20
357119,68.0,16
357147,25.0,5
357156,146.0,8
357164,48.0,10
357498,81.0,11
357662,16.0,4
357663,134.0,21
357796,34.0,5
357885,66.0,14
358008,121.0,5
358032,24.0,5
358165,272.0,37
358166,93.0,15
358250,258.0,45
360518,153.0,24
361065,36.0,7
361068,30.0,5
361093,446.0,59
361254,119.0,16
361575,26.0,5
361914,102.0,20
362842,21.0,6
363205,419.0,62
364133,322.0,35
364135,188.0,27
364232,413.0,52
364245,93.0,16
364409,163.0,29
365108,103.0,17
365172,88.0,13
366930,11.0,3
367466,349.0,41
368482,104.0,14
368887,6.0,1
368891,68.0,12
369081,28.0,4
369267,86.0,8
369674,60.0,9
369684,68.0,14
370789,130.0,21
370791,43.0,7
370846,107.0,19
371371,42.0,8
371686,76.0,10
371851,115.0,17
372711,119.0,17
372712,24.0,5
372713,62.0,3
373373,42.0,10
373433,27.0,6
374142,103.0,9
375137,190.0,36
376514,136.0,23
377042,124.0,15
377393,195.0,17
378139,83.0,15
378293,86.0,13
378710,316.0,47
379869,4.0,1
379877,17.0,1
381187,53.0,10
381950,138.0,25
381967,210.0,37
384060,199.0,25
384461,5.0,1
384859,202.0,24
385105,25.0,4
385394,239.0,21
385817,524.0,57
386047,85.0,5
386446,187.0,30
386455,78.0,15
386552,17.0,3
387047,75.0,12
387106,218.0,36
387234,258.0,39
387626,71.0,16
388165,36.0,6
388198,91.0,13
388294,3.0,1
388409,97.0,11
388513,128.0,21
389837,72.0,14
391004,5.0,1
391005,20.0,2
391780,13.0,2
392085,161.0,15
392163,58.0,9
392516,44.0,6
392538,164.0,32
392569,13.0,1
392570,58.0,8
392591,267.0,44
392757,89.0,15
392765,75.0,14
392768,81.0,9
392770,71.0,13
392775,314.0,40
392959,85.0,16
392966,58.0,8
393238,238.0,48
393321,419.0,41
393512,87.0,13
394300,89.0,10
394327,283.0,41
395236,40.0,7
395237,63.0,0
395512,45.0,5
395522,13.0,5
395695,37.0,6
397171,93.0,7
397225,31.0,4
397486,51.0,6
398065,194.0,38
399383,57.0,5
399434,91.0,16
399776,100.0,20
400131,8.0,1
400536,136.0,14
400546,603.0,86
401173,18.0,5
401356,89.0,8
401530,485.0,97
401578,102.0,18
401922,77.0,15
402008,110.0,11
402733,75.0,12
403151,141.0,27
404839,38.0,4
404842,143.0,16
404950,15.0,4
405397,46.0,7
405686,337.0,39
405687,100.0,5
405885,7.0,1
406040,36.0,9
406625,60.0,11
406635,38.0,6
406638,20.0,4
406640,196.0,37
406806,44.0,6
408471,51.0,4
409153,77.0,12
410425,68.0,8
411295,61.0,14
411975,60.0,11
412363,38.0,6
412366,175.0,21
412660,261.0,36
412829,77.0,1
412932,168.0,21
413039,97.0,19
413112,112.0,21
413220,10.0,2
413403,44.0,9
413565,100.0,16
413843,76.0,8
414908,44.0,5
415381,170.0,31
415383,35.0,7
415912,32.0,5
416386,356.0,48
418560,115.0,22
418659,46.0,9
420002,22.0,2
420210,38.0,8
420243,301.0,67
420808,212.0,39
421873,51.0,9
422460,43.0,2
422951,45.0,6
423440,41.0,7
423744,31.0,5
424015,186.0,26
424042,83.0,10
424072,34.0,3
424204,246.0,36
425334,138.0,28
425400,22.0,2
427568,47.0,8
427572,3.0,1
428563,238.0,36
429014,7.0,1
429259,21.0,5
429874,23.0,5
429983,39.0,6
431755,46.0,9
431811,204.0,33
432090,27.0,0
432772,31.0,4
432982,61.0,17
433177,158.0,28
433183,14.0,2
433188,114.0,20
433984,21.0,4
434116,62.0,13
434675,16.0,5
435228,170.0,29
435338,123.0,17
435648,98.0,17
435772,61.0,14
435796,126.0,11
436064,4.0,1
438001,25.0,4
438961,351.0,46
439914,47.0,11
441170,20.0,5
442248,130.0,20
442703,11.0,2
442891,261.0,33
443331,34.0,6
443710,36.0,5
444523,80.0,11
445126,27.0,4
445939,17.0,2
447661,111.0,20
448258,332.0,33
448628,21.0,3
449151,335.0,44
450050,65.0,9
451276,63.0,14
451801,215.0,22
452068,28.0,4
452477,62.0,3
453376,170.0,22
454386,313.0,31
454863,143.0,23
455661,9.0,2
456492,28.0,3
457673,19.0,1
458178,61.0,11
459128,39.0,7
459151,159.0,28
459658,72.0,16
459665,41.0,4
459763,11.0,3
460245,125.0,14
460651,25.0,4
461019,107.0,16
461883,4.0,1
462348,20.0,3
462823,16.0,4
463600,3.0,1
463603,271.0,33
463605,91.0,14
463613,27.0,4
463618,57.0,7
463665,119.0,14
464598,117.0,19
465830,19.0,3
466794,80.0,15
466801,22.0,4
466810,154.0,25
467434,58.0,8
467632,4.0,1
467720,34.0,5
467992,68.0,11
468066,51.0,8
468539,177.0,29
469050,69.0,8
469669,21.0,4
469709,7.0,1
469781,166.0,27
469822,193.0,26
469976,98.0,14
470607,57.0,12
470618,45.0,5
470794,169.0,23
471055,141.0,12
471690,103.0,15
471890,126.0,12
472161,32.0,7
473050,201.0,36
474701,270.0,29
474800,5.0,0
475188,23.0,5
475411,528.0,87
475413,185.0,34
475416,12.0,2
477758,118.0,36
478573,36.0,8
479999,118.0,21
480116,110.0,19
480762,527.0,86
480763,302.0,42
481675,5.0,2
481834,110.0,15
483348,94.0,21
484547,8.0,2
484888,55.0,10
485585,7.0,2
485706,107.0,25
485747,403.0,46
485960,14.0,2
486144,140.0,18
486604,8.0,1
487474,89.0,20
487843,12.0,1
487850,32.0,3
487969,4.0,1
488362,5.0,0
488785,173.0,24
490384,98.0,17
490423,182.0,23
490426,90.0,16
493003,4.0,1
493702,160.0,23
494236,59.0,18
494880,31.0,3
495621,7.0,1
495666,19.0,4
495722,3.0,1
496094,140.0,27
496745,113.0,20
496857,311.0,35
500054,107.0,14
500067,81.0,11
501049,40.0,4
501418,44.0,6
502670,52.0,6
502676,22.0,3
502821,179.0,32
503075,95.0,18
503680,90.0,11
503733,48.0,9
503743,27.0,3
503749,309.0,46
503770,230.0,46
503871,18.0,1
503881,143.0,19
503977,23.0,3
503987,75.0,15
503991,49.0,8
504148,204.0,36
504153,3.0,0
504209,83.0,6
504849,199.0,33
505219,99.0,15
505653,163.0,3
506189,44.0,7
506248,308.0,38
507341,71.0,14
507344,120.0,15
507345,236.0,26
507486,17.0,3
508639,65.0,8
512385,307.0,37
513245,204.0,4
515624,59.0,9
517842,209.0,22
517894,49.0,7
518505,63.0,13
519184,126.0,19
522223,160.0,25
522681,281.0,28
523318,6.0,1
524010,53.0,8
524285,92.0,15
524925,78.0,9
525287,44.0,6
525704,76.0,13
526466,169.0,23
526845,63.0,7
528892,46.0,7
530173,339.0,42
530742,42.0,6
531062,154.0,20
531065,211.0,44
531949,287.0,31
532775,55.0,8
532776,107.0,23
532937,32.0,5
533295,126.0,19
533568,12.0,2
533662,65.0,7
534033,102.0,8
535740,275.0,29
535834,82.0,12
535955,166.0,30
536156,85.0,11
536482,80.0,14
536835,223.0,42
537127,223.0,26
537382,262.0,29
538874,231.0,37
538918,99.0,18
538964,4.0,1
538977,57.0,9
538996,362.0,50
539134,133.0,24
539798,27.0,5
540536,13.0,2
540664,24.0,4
540941,101.0,20
541231,42.0,8
543387,533.0,82
543499,13.0,0
543666,63.0,8
543727,18.0,2
543771,15.0,4
545332,15.0,3
545538,244.0,35
546543,31.0,7
546926,97.0,18
547985,4.0,1
548348,40.0,6
550106,80.0,9
550108,32.0,8
550550,92.0,20
550829,3.0,1
552425,21.0,2
552472,125.0,16
553875,19.0,2
554903,124.0,23
555076,98.0,16
555143,257.0,44
555820,89.0,11
556385,183.0,28
557147,200.0,26
557407,72.0,15
557459,210.0,48
557613,93.0,17
559979,63.0,8
560483,72.0,11
560593,70.0,12
562049,298.0,36
563963,170.0,28
564545,51.0,12
565821,71.0,15
565822,72.0,18
566574,220.0,21
566613,145.0,21
566723,61.0,12
566931,70.0,15
567576,126.0,29
568177,30.0,3
568559,335.0,52
568693,22.0,5
568698,47.0,5
569031,190.0,26
569033,5.0,2
569366,35.0,4
569387,113.0,10
569389,300.0,35
569457,35.0,4
569598,14.0,4
569866,9.0,1
571020,124.0,21
571604,375.0,58
571607,141.0,15
571743,192.0,36
572265,39.0,6
573775,76.0,8
574385,498.0,51
574671,23.0,2
575319,10.0,2
575998,53.0,7
576028,8.0,2
576314,70.0,11
578392,60.0,8
578539,68.0,13
579263,187.0,20
579287,22.0,3
580195,169.0,25
580560,61.0,15
581330,48.0,10
581672,5.0,1
581678,64.0,11
583046,114.0,20
583699,127.0,18
584254,60.0,7
584769,146.0,22
585949,233.0,47
585959,18.0,3
585973,101.0,17
585982,61.0,14
586984,38.0,1
588426,21.0,3
591193,5.0,1
591916,32.0,4
592975,4.0,1
592979,14.0,2
596153,128.0,15
596446,15.0,3
596821,335.0,44
597432,15.0,3
598577,48.0,10
599419,363.0,55
600041,41.0,1
601883,10.0,0
604320,17.0,3
604327,66.0,9
605184,46.0,7
605268,67.0,11
605396,5.0,1
606119,3.0,1
607034,159.0,17
607223,2.0,1
607226,12.0,1
607720,25.0,1
607854,7.0,0
608832,201.0,24
610442,118.0,18
610849,92.0,16
611793,82.0,14
613393,84.0,13
614258,92.0,16
614742,4.0,1
615350,72.0,11
616344,35.0,5
616369,92.0,14
617021,173.0,21
617074,16.0,5
618341,68.0,7
618425,32.0,2
618472,87.0,17
620313,36.0,10
620322,107.0,26
620598,316.0,42
621193,164.0,33
621802,5.0,1
621993,116.0,20
623570,50.0,7
624037,90.0,11
624258,232.0,48
624690,49.0,7
624942,94.0,16
625014,39.0,1
625047,9.0,2
625202,65.0,8
626913,91.0,21
627228,44.0,8
628451,500.0,73
631693,34.0,5
631927,41.0,6
632896,23.0,4
633056,261.0,40
633454,124.0,19
633530,55.0,8
633668,18.0,3
633992,122.0,19
634105,120.0,16
634131,48.0,5
634431,12.0,2
636688,225.0,31
638793,161.0,27
640428,215.0,45
641537,64.0,10
642002,106.0,12
644771,115.0,21
645774,58.0,8
646733,125.0,13
646740,341.0,48
648046,204.0,24
648195,65.0,12
648779,26.0,6
649016,312.0,60
649020,174.0,27
649452,5.0,1
650966,178.0,24
650999,24.0,2
651005,3.0,1
651569,7.0,1
651735,15.0,2
652275,74.0,17
654253,65.0,15
654991,118.0,20
655006,12.0,2
655009,194.0,30
655012,96.0,12
655456,350.0,43
656441,61.0,10
656681,165.0,37
658534,240.0,31
658536,44.0,7
659459,243.0,49
659513,209.0,31
659516,43.0,9
659518,23.0,3
659520,249.0,39
659542,58.0,10
660342,294.0,41
660860,8.0,1
660867,203.0,41
661053,138.0,21
661207,230.0,54
661212,10.0,2
662261,15.0,2
663237,109.0,27
666234,11.0,2
666268,72.0,16
666547,118.0,17
667287,26.0,5
667965,199.0,37
667967,9.0,1
668276,137.0,8
668547,76.0,10
670688,171.0,24
670845,171.0,11
670858,125.0,13
670882,8.0,1
670883,89.0,14
671649,58.0,8
671799,7.0,1
671915,12.0,2
672803,13.0,3
674612,242.0,26
676042,12.0,1
676411,12.0,1
680806,75.0,19
683812,25.0,4
683840,176.0,28
683895,15.0,3
684315,8.0,1
684318,21.0,4
687609,40.0,6
687626,10.0,2
689505,99.0,21
689637,426.0,59
690429,139.0,19
690799,93.0,11
691482,168.0,30
691786,66.0,8
691841,34.0,3
691892,27.0,5
692737,150.0,23
693095,65.0,9
694928,15.0,3
695422,32.0,3
696164,106.0,14
696589,106.0,16
699442,28.0,1
700106,102.0,18
701819,4.0,1
705395,40.0,0
707242,30.0,3
707809,32.0,4
707844,81.0,22
708072,116.0,13
708265,16.0,4
709187,122.0,24
709241,138.0,0
709957,49.0,9
709969,273.0,35
710677,62.0,9
711337,93.0,15
711394,92.0,13
711517,284.0,36
711996,7.0,1
711999,154.0,34
713644,86.0,14
713787,290.0,26
716276,343.0,42
717585,22.0,2
718312,21.0,2
719694,252.0,23
720038,21.0,4
720162,223.0,41
724104,3.0,0
724108,110.0,19
724520,121.0,9
728733,109.0,14
729264,72.0,11
729814,4.0,1
731491,6.0,1
733576,39.0,7
735568,53.0,7
735571,130.0,19
737781,28.0,2
741090,70.0,15
741238,47.0,8
741292,7.0,1
742201,147.0,32
742451,16.0,3
743386,52.0,10
743387,78.0,15
743496,89.0,12
743498,146.0,38
743597,432.0,54
744149,100.0,18
745181,57.0,11
745191,42.0,8
745200,13.0,3
745202,6.0,1
746695,190.0,34
746712,42.0,3
746833,112.0,15
746910,85.0,6
748319,27.0,3
748382,49.0,6
749552,61.0,11
763182,77.0,8
764859,80.0,11
766583,48.0,7
768380,142.0,16
770407,569.0,52
775605,171.0,40
776798,120.0,27
776890,114.0,10
780630,92.0,8
782630,97.0,12
783094,162.0,12
783396,97.0,14
786436,94.0,12
787912,128.0,30
789094,79.0,11
789252,114.0,20
792380,148.0,29
794349,78.0,11
796221,91.0,7
798043,15.0,5
798404,250.0,24
798929,128.0,16
801734,16.0,3
805714,77.0,12
805886,262.0,25
805908,256.0,45
806168,38.0,4
806793,18.0,3
807165,71.0,11
807688,23.0,0
808664,37.0,5
810092,45.0,12
810108,53.0,7
810895,192.0,42
814446,8.0,1
814976,151.0,18
815078,41.0,5
816585,69.0,9
818448,29.0,2
818888,27.0,4
819215,323.0,67
820374,171.0,38
822331,57.0,14
822458,157.0,25
822958,16.0,4
822959,33.0,7
823231,204.0,23
823486,62.0,13
825437,9.0,1
827734,4.0,1
830108,25.0,4
830890,79.0,0
834752,11.0,1
838236,11.0,3
842338,54.0,7
845654,8.0,2
845872,111.0,12
846310,101.0,23
848509,80.0,8
849410,6.0,2
849520,14.0,2
855134,66.0,11
855256,184.0,34
855308,22.0,4
856530,34.0,3
860992,3.0,1
861410,148.0,29
861981,246.0,31
864799,199.0,48
866246,73.0,14
866579,89.0,15
866655,65.0,3
867137,196.0,26
867688,258.0,31
872184,61.0,8
874538,318.0,34
875332,1.0,1
876400,79.0,21
876631,83.0,11
883349,51.0,9
884820,135.0,22
887638,4.0,1
890290,6.0,0
890385,86.0,14
890719,18.0,5
890721,17.0,4
891379,168.0,11
891998,153.0,17
893675,21.0,4
894324,3.0,1
894914,134.0,29
895480,12.0,1
895937,49.0,7
897423,10.0,1
900909,20.0,4
901019,116.0,17
902573,270.0,35
903666,312.0,33
903693,25.0,5
904662,26.0,4
906160,16.0,0
910905,55.0,10
912902,34.0,5
916920,46.0,8
917375,14.0,3
917778,183.0,20
919515,287.0,36
921655,45.0,6
922769,182.0,23
923595,20.0,2
923831,158.0,27
923838,74.0,11
924117,60.0,13
924349,11.0,2
925848,54.0,6
926952,5.0,1
928323,80.0,12
931838,72.0,15
934878,32.0,5
936684,3.0,1
937955,29.0,3
937958,64.0,11
938158,108.0,23
944570,87.0,11
947360,29.0,3
948278,17.0,3
948537,195.0,12
950593,61.0,8
953901,27.0,2
955070,197.0,16
962110,7.0,1
962555,56.0,11
967319,5.0,1
971570,62.0,7
973085,8.0,1
977877,6.0,0
979766,6.0,1
980576,189.0,11
980632,94.0,12
982267,84.0,12
982393,205.0,16
982855,6.0,1
983989,4.0,1
992686,26.0,5
994536,47.0,5
997861,119.0,5
999229,64.0,6
1004301,40.0,9
1004741,6.0,1
1004834,33.0,8
1005240,33.0,6
1005575,24.0,3
1005649,9.0,1
1009658,22.0,4
1010854,28.0,2
1011147,63.0,14
1012534,63.0,13
1018259,17.0,4
1018920,308.0,58
1028162,55.0,5
1030153,147.0,22
1047097,8.0,2
1047104,125.0,16
1053147,15.0,3
1054839,25.0,3
1056971,37.0,5
1057820,7.0,1
1058368,23.0,7
1058515,113.0,9
1061282,68.0,5
1063329,116.0,21
1069512,135.0,11
1071956,209.0,30
1075575,116.0,10
1075589,184.0,16
1077175,145.0,20
1078163,62.0,13
1081219,100.0,17
1086375,226.0,34
1086619,45.0,2
1086636,167.0,24
1089202,76.0,7
1093482,72.0,4
1111663,30.0,5
1120228,52.0,7
1121298,14.0,2
1130445,92.0,14
1160814,113.0,9
1176345,136.0,12
1178474,27.0,4
1185888,29.0,0
1193867,7.0,1
1310513,10.0,0
